2026-04-27 10:00:03,464 [INFO] httpx: HTTP Request: GET https://newsapi.org/v2/everything?q=Apple&from=2026-04-27T04%3A00%3A03%2B00%3A00&language=en&sortBy=publishedAt&pageSize=5&apiKey=e5c51acd76eb4f5eab049efdcb3810e0 "HTTP/1.1 200 OK"
2026-04-27 10:00:05,952 [INFO] httpx: HTTP Request: GET https://gnews.io/api/v4/search?q=Apple&from=2026-04-27T04%3A00%3A03Z&lang=en&max=5&token=794786c3ebe93318376fdc317b3f09d2 "HTTP/1.1 200 OK"
2026-04-27 10:00:06,413 [INFO] httpx: HTTP Request: GET https://newsapi.org/v2/everything?q=Microsoft&from=2026-04-27T04%3A00%3A05%2B00%3A00&language=en&sortBy=publishedAt&pageSize=5&apiKey=e5c51acd76eb4f5eab049efdcb3810e0 "HTTP/1.1 200 OK"
2026-04-27 10:00:08,159 [INFO] httpx: HTTP Request: GET https://gnews.io/api/v4/search?q=Microsoft&from=2026-04-27T04%3A00%3A06Z&lang=en&max=5&token=794786c3ebe93318376fdc317b3f09d2 "HTTP/1.1 200 OK"
2026-04-27 10:00:08,464 [INFO] httpx: HTTP Request: GET https://newsapi.org/v2/everything?q=Alphabet%20%28Google%29&from=2026-04-27T04%3A00%3A08%2B00%3A00&language=en&sortBy=publishedAt&pageSize=5&apiKey=e5c51acd76eb4f5eab049efdcb3810e0 "HTTP/1.1 200 OK"
2026-04-27 10:00:09,414 [INFO] httpx: HTTP Request: GET https://gnews.io/api/v4/search?q=Alphabet%20%28Google%29&from=2026-04-27T04%3A00%3A08Z&lang=en&max=5&token=794786c3ebe93318376fdc317b3f09d2 "HTTP/1.1 200 OK"
2026-04-27 10:00:09,563 [INFO] httpx: HTTP Request: GET https://newsapi.org/v2/everything?q=Amazon&from=2026-04-27T04%3A00%3A09%2B00%3A00&language=en&sortBy=publishedAt&pageSize=5&apiKey=e5c51acd76eb4f5eab049efdcb3810e0 "HTTP/1.1 200 OK"
2026-04-27 10:00:10,276 [INFO] httpx: HTTP Request: GET https://gnews.io/api/v4/search?q=Amazon&from=2026-04-27T04%3A00%3A09Z&lang=en&max=5&token=794786c3ebe93318376fdc317b3f09d2 "HTTP/1.1 200 OK"
2026-04-27 10:00:10,404 [INFO] httpx: HTTP Request: GET https://newsapi.org/v2/everything?q=Berkshire%20Hathaway&from=2026-04-27T04%3A00%3A10%2B00%3A00&language=en&sortBy=publishedAt&pageSize=5&apiKey=e5c51acd76eb4f5eab049efdcb3810e0 "HTTP/1.1 200 OK"
2026-04-27 10:00:10,532 [INFO] httpx: HTTP Request: GET https://gnews.io/api/v4/search?q=Berkshire%20Hathaway&from=2026-04-27T04%3A00%3A10Z&lang=en&max=5&token=794786c3ebe93318376fdc317b3f09d2 "HTTP/1.1 429 Too Many Requests"
2026-04-27 10:00:10,534 [WARNING] modules.stock_news: GNews fetch failed for Berkshire Hathaway: Client error '429 Too Many Requests' for url 'https://gnews.io/api/v4/search?q=Berkshire%20Hathaway&from=2026-04-27T04%3A00%3A10Z&lang=en&max=5&token=794786c3ebe93318376fdc317b3f09d2'
For more information check: https://developer.mozilla.org/en-US/docs/Web/HTTP/Status/429
2026-04-27 10:00:10,664 [INFO] httpx: HTTP Request: GET https://newsapi.org/v2/everything?q=Coca-Cola&from=2026-04-27T04%3A00%3A10%2B00%3A00&language=en&sortBy=publishedAt&pageSize=5&apiKey=e5c51acd76eb4f5eab049efdcb3810e0 "HTTP/1.1 200 OK"
2026-04-27 10:00:10,794 [INFO] httpx: HTTP Request: GET https://gnews.io/api/v4/search?q=Coca-Cola&from=2026-04-27T04%3A00%3A10Z&lang=en&max=5&token=794786c3ebe93318376fdc317b3f09d2 "HTTP/1.1 400 Bad Request"
2026-04-27 10:00:10,796 [WARNING] modules.stock_news: GNews fetch failed for Coca-Cola: Client error '400 Bad Request' for url 'https://gnews.io/api/v4/search?q=Coca-Cola&from=2026-04-27T04%3A00%3A10Z&lang=en&max=5&token=794786c3ebe93318376fdc317b3f09d2'
For more information check: https://developer.mozilla.org/en-US/docs/Web/HTTP/Status/400
2026-04-27 10:00:10,944 [INFO] httpx: HTTP Request: GET https://newsapi.org/v2/everything?q=Johnson%20%26%20Johnson&from=2026-04-27T04%3A00%3A10%2B00%3A00&language=en&sortBy=publishedAt&pageSize=5&apiKey=e5c51acd76eb4f5eab049efdcb3810e0 "HTTP/1.1 200 OK"
2026-04-27 10:00:11,264 [INFO] httpx: HTTP Request: GET https://gnews.io/api/v4/search?q=Johnson%20%26%20Johnson&from=2026-04-27T04%3A00%3A10Z&lang=en&max=5&token=794786c3ebe93318376fdc317b3f09d2 "HTTP/1.1 429 Too Many Requests"
2026-04-27 10:00:11,265 [WARNING] modules.stock_news: GNews fetch failed for Johnson & Johnson: Client error '429 Too Many Requests' for url 'https://gnews.io/api/v4/search?q=Johnson%20%26%20Johnson&from=2026-04-27T04%3A00%3A10Z&lang=en&max=5&token=794786c3ebe93318376fdc317b3f09d2'
For more information check: https://developer.mozilla.org/en-US/docs/Web/HTTP/Status/429
2026-04-27 10:00:11,388 [INFO] httpx: HTTP Request: GET https://newsapi.org/v2/everything?q=Visa&from=2026-04-27T04%3A00%3A11%2B00%3A00&language=en&sortBy=publishedAt&pageSize=5&apiKey=e5c51acd76eb4f5eab049efdcb3810e0 "HTTP/1.1 200 OK"
2026-04-27 10:00:11,490 [INFO] httpx: HTTP Request: GET https://gnews.io/api/v4/search?q=Visa&from=2026-04-27T04%3A00%3A11Z&lang=en&max=5&token=794786c3ebe93318376fdc317b3f09d2 "HTTP/1.1 429 Too Many Requests"
2026-04-27 10:00:11,491 [WARNING] modules.stock_news: GNews fetch failed for Visa: Client error '429 Too Many Requests' for url 'https://gnews.io/api/v4/search?q=Visa&from=2026-04-27T04%3A00%3A11Z&lang=en&max=5&token=794786c3ebe93318376fdc317b3f09d2'
For more information check: https://developer.mozilla.org/en-US/docs/Web/HTTP/Status/429
2026-04-27 10:00:11,601 [INFO] httpx: HTTP Request: GET https://newsapi.org/v2/everything?q=Meta%20Platforms&from=2026-04-27T04%3A00%3A11%2B00%3A00&language=en&sortBy=publishedAt&pageSize=5&apiKey=e5c51acd76eb4f5eab049efdcb3810e0 "HTTP/1.1 200 OK"
2026-04-27 10:00:11,704 [INFO] httpx: HTTP Request: GET https://gnews.io/api/v4/search?q=Meta%20Platforms&from=2026-04-27T04%3A00%3A11Z&lang=en&max=5&token=794786c3ebe93318376fdc317b3f09d2 "HTTP/1.1 429 Too Many Requests"
2026-04-27 10:00:11,706 [WARNING] modules.stock_news: GNews fetch failed for Meta Platforms: Client error '429 Too Many Requests' for url 'https://gnews.io/api/v4/search?q=Meta%20Platforms&from=2026-04-27T04%3A00%3A11Z&lang=en&max=5&token=794786c3ebe93318376fdc317b3f09d2'
For more information check: https://developer.mozilla.org/en-US/docs/Web/HTTP/Status/429
2026-04-27 10:00:11,868 [INFO] httpx: HTTP Request: GET https://newsapi.org/v2/everything?q=Nvidia&from=2026-04-27T04%3A00%3A11%2B00%3A00&language=en&sortBy=publishedAt&pageSize=5&apiKey=e5c51acd76eb4f5eab049efdcb3810e0 "HTTP/1.1 200 OK"
2026-04-27 10:00:12,433 [INFO] httpx: HTTP Request: GET https://gnews.io/api/v4/search?q=Nvidia&from=2026-04-27T04%3A00%3A11Z&lang=en&max=5&token=794786c3ebe93318376fdc317b3f09d2 "HTTP/1.1 200 OK"
2026-04-27 10:00:12,543 [INFO] httpx: HTTP Request: GET https://newsapi.org/v2/everything?q=ASML%20Holding&from=2026-04-27T04%3A00%3A12%2B00%3A00&language=en&sortBy=publishedAt&pageSize=5&apiKey=e5c51acd76eb4f5eab049efdcb3810e0 "HTTP/1.1 200 OK"
2026-04-27 10:00:12,646 [INFO] httpx: HTTP Request: GET https://gnews.io/api/v4/search?q=ASML%20Holding&from=2026-04-27T04%3A00%3A12Z&lang=en&max=5&token=794786c3ebe93318376fdc317b3f09d2 "HTTP/1.1 429 Too Many Requests"
2026-04-27 10:00:12,648 [WARNING] modules.stock_news: GNews fetch failed for ASML Holding: Client error '429 Too Many Requests' for url 'https://gnews.io/api/v4/search?q=ASML%20Holding&from=2026-04-27T04%3A00%3A12Z&lang=en&max=5&token=794786c3ebe93318376fdc317b3f09d2'
For more information check: https://developer.mozilla.org/en-US/docs/Web/HTTP/Status/429
2026-04-27 10:00:12,772 [INFO] httpx: HTTP Request: GET https://newsapi.org/v2/everything?q=SAP&from=2026-04-27T04%3A00%3A12%2B00%3A00&language=en&sortBy=publishedAt&pageSize=5&apiKey=e5c51acd76eb4f5eab049efdcb3810e0 "HTTP/1.1 200 OK"
2026-04-27 10:00:12,876 [INFO] httpx: HTTP Request: GET https://gnews.io/api/v4/search?q=SAP&from=2026-04-27T04%3A00%3A12Z&lang=en&max=5&token=794786c3ebe93318376fdc317b3f09d2 "HTTP/1.1 429 Too Many Requests"
2026-04-27 10:00:12,877 [WARNING] modules.stock_news: GNews fetch failed for SAP: Client error '429 Too Many Requests' for url 'https://gnews.io/api/v4/search?q=SAP&from=2026-04-27T04%3A00%3A12Z&lang=en&max=5&token=794786c3ebe93318376fdc317b3f09d2'
For more information check: https://developer.mozilla.org/en-US/docs/Web/HTTP/Status/429
2026-04-27 10:00:12,990 [INFO] httpx: HTTP Request: GET https://newsapi.org/v2/everything?q=Novo%20Nordisk&from=2026-04-27T04%3A00%3A12%2B00%3A00&language=en&sortBy=publishedAt&pageSize=5&apiKey=e5c51acd76eb4f5eab049efdcb3810e0 "HTTP/1.1 200 OK"
2026-04-27 10:00:13,481 [INFO] httpx: HTTP Request: GET https://gnews.io/api/v4/search?q=Novo%20Nordisk&from=2026-04-27T04%3A00%3A12Z&lang=en&max=5&token=794786c3ebe93318376fdc317b3f09d2 "HTTP/1.1 200 OK"
2026-04-27 10:00:13,600 [INFO] httpx: HTTP Request: GET https://newsapi.org/v2/everything?q=Ferrari&from=2026-04-27T04%3A00%3A13%2B00%3A00&language=en&sortBy=publishedAt&pageSize=5&apiKey=e5c51acd76eb4f5eab049efdcb3810e0 "HTTP/1.1 200 OK"
2026-04-27 10:00:13,702 [INFO] httpx: HTTP Request: GET https://gnews.io/api/v4/search?q=Ferrari&from=2026-04-27T04%3A00%3A13Z&lang=en&max=5&token=794786c3ebe93318376fdc317b3f09d2 "HTTP/1.1 429 Too Many Requests"
2026-04-27 10:00:13,704 [WARNING] modules.stock_news: GNews fetch failed for Ferrari: Client error '429 Too Many Requests' for url 'https://gnews.io/api/v4/search?q=Ferrari&from=2026-04-27T04%3A00%3A13Z&lang=en&max=5&token=794786c3ebe93318376fdc317b3f09d2'
For more information check: https://developer.mozilla.org/en-US/docs/Web/HTTP/Status/429
2026-04-27 10:00:13,862 [INFO] httpx: HTTP Request: GET https://newsapi.org/v2/everything?q=LVMH&from=2026-04-27T04%3A00%3A13%2B00%3A00&language=en&sortBy=publishedAt&pageSize=5&apiKey=e5c51acd76eb4f5eab049efdcb3810e0 "HTTP/1.1 200 OK"
2026-04-27 10:00:13,966 [INFO] httpx: HTTP Request: GET https://gnews.io/api/v4/search?q=LVMH&from=2026-04-27T04%3A00%3A13Z&lang=en&max=5&token=794786c3ebe93318376fdc317b3f09d2 "HTTP/1.1 429 Too Many Requests"
2026-04-27 10:00:13,967 [WARNING] modules.stock_news: GNews fetch failed for LVMH: Client error '429 Too Many Requests' for url 'https://gnews.io/api/v4/search?q=LVMH&from=2026-04-27T04%3A00%3A13Z&lang=en&max=5&token=794786c3ebe93318376fdc317b3f09d2'
For more information check: https://developer.mozilla.org/en-US/docs/Web/HTTP/Status/429
2026-04-27 10:00:13,968 [INFO] stock_news_check: News scan done — breaking signals: 0
2026-04-27 10:00:13,969 [INFO] stock_news_check: News-check run done: re-analyzed=0 alerts_sent=0
2026-04-27 14:00:02,602 [INFO] httpx: HTTP Request: GET https://newsapi.org/v2/everything?q=Apple&from=2026-04-27T08%3A00%3A02%2B00%3A00&language=en&sortBy=publishedAt&pageSize=5&apiKey=e5c51acd76eb4f5eab049efdcb3810e0 "HTTP/1.1 200 OK"
2026-04-27 14:00:03,369 [INFO] httpx: HTTP Request: GET https://gnews.io/api/v4/search?q=Apple&from=2026-04-27T08%3A00%3A02Z&lang=en&max=5&token=794786c3ebe93318376fdc317b3f09d2 "HTTP/1.1 200 OK"
2026-04-27 14:00:03,660 [INFO] httpx: HTTP Request: GET https://newsapi.org/v2/everything?q=Microsoft&from=2026-04-27T08%3A00%3A03%2B00%3A00&language=en&sortBy=publishedAt&pageSize=5&apiKey=e5c51acd76eb4f5eab049efdcb3810e0 "HTTP/1.1 200 OK"
2026-04-27 14:00:04,587 [INFO] httpx: HTTP Request: GET https://gnews.io/api/v4/search?q=Microsoft&from=2026-04-27T08%3A00%3A03Z&lang=en&max=5&token=794786c3ebe93318376fdc317b3f09d2 "HTTP/1.1 200 OK"
2026-04-27 14:00:04,780 [INFO] httpx: HTTP Request: GET https://newsapi.org/v2/everything?q=Alphabet%20%28Google%29&from=2026-04-27T08%3A00%3A04%2B00%3A00&language=en&sortBy=publishedAt&pageSize=5&apiKey=e5c51acd76eb4f5eab049efdcb3810e0 "HTTP/1.1 200 OK"
2026-04-27 14:00:05,751 [INFO] httpx: HTTP Request: GET https://gnews.io/api/v4/search?q=Alphabet%20%28Google%29&from=2026-04-27T08%3A00%3A04Z&lang=en&max=5&token=794786c3ebe93318376fdc317b3f09d2 "HTTP/1.1 200 OK"
2026-04-27 14:00:05,868 [INFO] httpx: HTTP Request: GET https://newsapi.org/v2/everything?q=Amazon&from=2026-04-27T08%3A00%3A05%2B00%3A00&language=en&sortBy=publishedAt&pageSize=5&apiKey=e5c51acd76eb4f5eab049efdcb3810e0 "HTTP/1.1 200 OK"
2026-04-27 14:00:06,125 [INFO] httpx: HTTP Request: GET https://gnews.io/api/v4/search?q=Amazon&from=2026-04-27T08%3A00%3A05Z&lang=en&max=5&token=794786c3ebe93318376fdc317b3f09d2 "HTTP/1.1 429 Too Many Requests"
2026-04-27 14:00:06,127 [WARNING] modules.stock_news: GNews fetch failed for Amazon: Client error '429 Too Many Requests' for url 'https://gnews.io/api/v4/search?q=Amazon&from=2026-04-27T08%3A00%3A05Z&lang=en&max=5&token=794786c3ebe93318376fdc317b3f09d2'
For more information check: https://developer.mozilla.org/en-US/docs/Web/HTTP/Status/429
2026-04-27 14:00:06,243 [INFO] httpx: HTTP Request: GET https://newsapi.org/v2/everything?q=Berkshire%20Hathaway&from=2026-04-27T08%3A00%3A06%2B00%3A00&language=en&sortBy=publishedAt&pageSize=5&apiKey=e5c51acd76eb4f5eab049efdcb3810e0 "HTTP/1.1 200 OK"
2026-04-27 14:00:06,695 [INFO] httpx: HTTP Request: GET https://gnews.io/api/v4/search?q=Berkshire%20Hathaway&from=2026-04-27T08%3A00%3A06Z&lang=en&max=5&token=794786c3ebe93318376fdc317b3f09d2 "HTTP/1.1 200 OK"
2026-04-27 14:00:06,819 [INFO] httpx: HTTP Request: GET https://newsapi.org/v2/everything?q=Coca-Cola&from=2026-04-27T08%3A00%3A06%2B00%3A00&language=en&sortBy=publishedAt&pageSize=5&apiKey=e5c51acd76eb4f5eab049efdcb3810e0 "HTTP/1.1 200 OK"
2026-04-27 14:00:06,926 [INFO] httpx: HTTP Request: GET https://gnews.io/api/v4/search?q=Coca-Cola&from=2026-04-27T08%3A00%3A06Z&lang=en&max=5&token=794786c3ebe93318376fdc317b3f09d2 "HTTP/1.1 429 Too Many Requests"
2026-04-27 14:00:06,928 [WARNING] modules.stock_news: GNews fetch failed for Coca-Cola: Client error '429 Too Many Requests' for url 'https://gnews.io/api/v4/search?q=Coca-Cola&from=2026-04-27T08%3A00%3A06Z&lang=en&max=5&token=794786c3ebe93318376fdc317b3f09d2'
For more information check: https://developer.mozilla.org/en-US/docs/Web/HTTP/Status/429
2026-04-27 14:00:07,072 [INFO] httpx: HTTP Request: GET https://newsapi.org/v2/everything?q=Johnson%20%26%20Johnson&from=2026-04-27T08%3A00%3A06%2B00%3A00&language=en&sortBy=publishedAt&pageSize=5&apiKey=e5c51acd76eb4f5eab049efdcb3810e0 "HTTP/1.1 200 OK"
2026-04-27 14:00:07,175 [INFO] httpx: HTTP Request: GET https://gnews.io/api/v4/search?q=Johnson%20%26%20Johnson&from=2026-04-27T08%3A00%3A07Z&lang=en&max=5&token=794786c3ebe93318376fdc317b3f09d2 "HTTP/1.1 429 Too Many Requests"
2026-04-27 14:00:07,177 [WARNING] modules.stock_news: GNews fetch failed for Johnson & Johnson: Client error '429 Too Many Requests' for url 'https://gnews.io/api/v4/search?q=Johnson%20%26%20Johnson&from=2026-04-27T08%3A00%3A07Z&lang=en&max=5&token=794786c3ebe93318376fdc317b3f09d2'
For more information check: https://developer.mozilla.org/en-US/docs/Web/HTTP/Status/429
2026-04-27 14:00:07,304 [INFO] httpx: HTTP Request: GET https://newsapi.org/v2/everything?q=Visa&from=2026-04-27T08%3A00%3A07%2B00%3A00&language=en&sortBy=publishedAt&pageSize=5&apiKey=e5c51acd76eb4f5eab049efdcb3810e0 "HTTP/1.1 200 OK"
2026-04-27 14:00:07,897 [INFO] httpx: HTTP Request: GET https://gnews.io/api/v4/search?q=Visa&from=2026-04-27T08%3A00%3A07Z&lang=en&max=5&token=794786c3ebe93318376fdc317b3f09d2 "HTTP/1.1 200 OK"
2026-04-27 14:00:08,008 [INFO] httpx: HTTP Request: GET https://newsapi.org/v2/everything?q=Meta%20Platforms&from=2026-04-27T08%3A00%3A07%2B00%3A00&language=en&sortBy=publishedAt&pageSize=5&apiKey=e5c51acd76eb4f5eab049efdcb3810e0 "HTTP/1.1 200 OK"
2026-04-27 14:00:08,113 [INFO] httpx: HTTP Request: GET https://gnews.io/api/v4/search?q=Meta%20Platforms&from=2026-04-27T08%3A00%3A08Z&lang=en&max=5&token=794786c3ebe93318376fdc317b3f09d2 "HTTP/1.1 429 Too Many Requests"
2026-04-27 14:00:08,114 [WARNING] modules.stock_news: GNews fetch failed for Meta Platforms: Client error '429 Too Many Requests' for url 'https://gnews.io/api/v4/search?q=Meta%20Platforms&from=2026-04-27T08%3A00%3A08Z&lang=en&max=5&token=794786c3ebe93318376fdc317b3f09d2'
For more information check: https://developer.mozilla.org/en-US/docs/Web/HTTP/Status/429
2026-04-27 14:00:08,227 [INFO] httpx: HTTP Request: GET https://newsapi.org/v2/everything?q=Nvidia&from=2026-04-27T08%3A00%3A08%2B00%3A00&language=en&sortBy=publishedAt&pageSize=5&apiKey=e5c51acd76eb4f5eab049efdcb3810e0 "HTTP/1.1 200 OK"
2026-04-27 14:00:08,331 [INFO] httpx: HTTP Request: GET https://gnews.io/api/v4/search?q=Nvidia&from=2026-04-27T08%3A00%3A08Z&lang=en&max=5&token=794786c3ebe93318376fdc317b3f09d2 "HTTP/1.1 429 Too Many Requests"
2026-04-27 14:00:08,333 [WARNING] modules.stock_news: GNews fetch failed for Nvidia: Client error '429 Too Many Requests' for url 'https://gnews.io/api/v4/search?q=Nvidia&from=2026-04-27T08%3A00%3A08Z&lang=en&max=5&token=794786c3ebe93318376fdc317b3f09d2'
For more information check: https://developer.mozilla.org/en-US/docs/Web/HTTP/Status/429
2026-04-27 14:00:08,455 [INFO] httpx: HTTP Request: GET https://newsapi.org/v2/everything?q=ASML%20Holding&from=2026-04-27T08%3A00%3A08%2B00%3A00&language=en&sortBy=publishedAt&pageSize=5&apiKey=e5c51acd76eb4f5eab049efdcb3810e0 "HTTP/1.1 200 OK"
2026-04-27 14:00:08,890 [INFO] httpx: HTTP Request: GET https://gnews.io/api/v4/search?q=ASML%20Holding&from=2026-04-27T08%3A00%3A08Z&lang=en&max=5&token=794786c3ebe93318376fdc317b3f09d2 "HTTP/1.1 200 OK"
2026-04-27 14:00:09,013 [INFO] httpx: HTTP Request: GET https://newsapi.org/v2/everything?q=SAP&from=2026-04-27T08%3A00%3A08%2B00%3A00&language=en&sortBy=publishedAt&pageSize=5&apiKey=e5c51acd76eb4f5eab049efdcb3810e0 "HTTP/1.1 200 OK"
2026-04-27 14:00:09,115 [INFO] httpx: HTTP Request: GET https://gnews.io/api/v4/search?q=SAP&from=2026-04-27T08%3A00%3A09Z&lang=en&max=5&token=794786c3ebe93318376fdc317b3f09d2 "HTTP/1.1 429 Too Many Requests"
2026-04-27 14:00:09,116 [WARNING] modules.stock_news: GNews fetch failed for SAP: Client error '429 Too Many Requests' for url 'https://gnews.io/api/v4/search?q=SAP&from=2026-04-27T08%3A00%3A09Z&lang=en&max=5&token=794786c3ebe93318376fdc317b3f09d2'
For more information check: https://developer.mozilla.org/en-US/docs/Web/HTTP/Status/429
2026-04-27 14:00:09,236 [INFO] httpx: HTTP Request: GET https://newsapi.org/v2/everything?q=Novo%20Nordisk&from=2026-04-27T08%3A00%3A09%2B00%3A00&language=en&sortBy=publishedAt&pageSize=5&apiKey=e5c51acd76eb4f5eab049efdcb3810e0 "HTTP/1.1 200 OK"
2026-04-27 14:00:09,337 [INFO] httpx: HTTP Request: GET https://gnews.io/api/v4/search?q=Novo%20Nordisk&from=2026-04-27T08%3A00%3A09Z&lang=en&max=5&token=794786c3ebe93318376fdc317b3f09d2 "HTTP/1.1 429 Too Many Requests"
2026-04-27 14:00:09,338 [WARNING] modules.stock_news: GNews fetch failed for Novo Nordisk: Client error '429 Too Many Requests' for url 'https://gnews.io/api/v4/search?q=Novo%20Nordisk&from=2026-04-27T08%3A00%3A09Z&lang=en&max=5&token=794786c3ebe93318376fdc317b3f09d2'
For more information check: https://developer.mozilla.org/en-US/docs/Web/HTTP/Status/429
2026-04-27 14:00:09,457 [INFO] httpx: HTTP Request: GET https://newsapi.org/v2/everything?q=Ferrari&from=2026-04-27T08%3A00%3A09%2B00%3A00&language=en&sortBy=publishedAt&pageSize=5&apiKey=e5c51acd76eb4f5eab049efdcb3810e0 "HTTP/1.1 200 OK"
2026-04-27 14:00:10,044 [INFO] httpx: HTTP Request: GET https://gnews.io/api/v4/search?q=Ferrari&from=2026-04-27T08%3A00%3A09Z&lang=en&max=5&token=794786c3ebe93318376fdc317b3f09d2 "HTTP/1.1 200 OK"
2026-04-27 14:00:10,186 [INFO] httpx: HTTP Request: GET https://newsapi.org/v2/everything?q=LVMH&from=2026-04-27T08%3A00%3A10%2B00%3A00&language=en&sortBy=publishedAt&pageSize=5&apiKey=e5c51acd76eb4f5eab049efdcb3810e0 "HTTP/1.1 200 OK"
2026-04-27 14:00:10,287 [INFO] httpx: HTTP Request: GET https://gnews.io/api/v4/search?q=LVMH&from=2026-04-27T08%3A00%3A10Z&lang=en&max=5&token=794786c3ebe93318376fdc317b3f09d2 "HTTP/1.1 429 Too Many Requests"
2026-04-27 14:00:10,288 [WARNING] modules.stock_news: GNews fetch failed for LVMH: Client error '429 Too Many Requests' for url 'https://gnews.io/api/v4/search?q=LVMH&from=2026-04-27T08%3A00%3A10Z&lang=en&max=5&token=794786c3ebe93318376fdc317b3f09d2'
For more information check: https://developer.mozilla.org/en-US/docs/Web/HTTP/Status/429
2026-04-27 14:00:10,289 [INFO] stock_news_check: News scan done — breaking signals: 0
2026-04-27 14:00:10,290 [INFO] stock_news_check: News-check run done: re-analyzed=0 alerts_sent=0
2026-04-27 18:00:02,539 [INFO] httpx: HTTP Request: GET https://newsapi.org/v2/everything?q=Apple&from=2026-04-27T12%3A00%3A02%2B00%3A00&language=en&sortBy=publishedAt&pageSize=5&apiKey=e5c51acd76eb4f5eab049efdcb3810e0 "HTTP/1.1 200 OK"
2026-04-27 18:00:06,703 [INFO] httpx: HTTP Request: GET https://gnews.io/api/v4/search?q=Apple&from=2026-04-27T12%3A00%3A02Z&lang=en&max=5&token=794786c3ebe93318376fdc317b3f09d2 "HTTP/1.1 200 OK"
2026-04-27 18:00:06,860 [INFO] httpx: HTTP Request: GET https://newsapi.org/v2/everything?q=Microsoft&from=2026-04-27T12%3A00%3A06%2B00%3A00&language=en&sortBy=publishedAt&pageSize=5&apiKey=e5c51acd76eb4f5eab049efdcb3810e0 "HTTP/1.1 200 OK"
2026-04-27 18:00:09,630 [INFO] httpx: HTTP Request: GET https://gnews.io/api/v4/search?q=Microsoft&from=2026-04-27T12%3A00%3A06Z&lang=en&max=5&token=794786c3ebe93318376fdc317b3f09d2 "HTTP/1.1 200 OK"
2026-04-27 18:00:09,749 [INFO] httpx: HTTP Request: GET https://newsapi.org/v2/everything?q=Alphabet%20%28Google%29&from=2026-04-27T12%3A00%3A09%2B00%3A00&language=en&sortBy=publishedAt&pageSize=5&apiKey=e5c51acd76eb4f5eab049efdcb3810e0 "HTTP/1.1 200 OK"
2026-04-27 18:00:11,258 [INFO] httpx: HTTP Request: GET https://gnews.io/api/v4/search?q=Alphabet%20%28Google%29&from=2026-04-27T12%3A00%3A09Z&lang=en&max=5&token=794786c3ebe93318376fdc317b3f09d2 "HTTP/1.1 200 OK"
2026-04-27 18:00:11,386 [INFO] httpx: HTTP Request: GET https://newsapi.org/v2/everything?q=Amazon&from=2026-04-27T12%3A00%3A11%2B00%3A00&language=en&sortBy=publishedAt&pageSize=5&apiKey=e5c51acd76eb4f5eab049efdcb3810e0 "HTTP/1.1 200 OK"
2026-04-27 18:00:12,146 [INFO] httpx: HTTP Request: GET https://gnews.io/api/v4/search?q=Amazon&from=2026-04-27T12%3A00%3A11Z&lang=en&max=5&token=794786c3ebe93318376fdc317b3f09d2 "HTTP/1.1 200 OK"
2026-04-27 18:00:12,313 [INFO] httpx: HTTP Request: GET https://newsapi.org/v2/everything?q=Berkshire%20Hathaway&from=2026-04-27T12%3A00%3A12%2B00%3A00&language=en&sortBy=publishedAt&pageSize=5&apiKey=e5c51acd76eb4f5eab049efdcb3810e0 "HTTP/1.1 200 OK"
2026-04-27 18:00:12,415 [INFO] httpx: HTTP Request: GET https://gnews.io/api/v4/search?q=Berkshire%20Hathaway&from=2026-04-27T12%3A00%3A12Z&lang=en&max=5&token=794786c3ebe93318376fdc317b3f09d2 "HTTP/1.1 429 Too Many Requests"
2026-04-27 18:00:12,416 [WARNING] modules.stock_news: GNews fetch failed for Berkshire Hathaway: Client error '429 Too Many Requests' for url 'https://gnews.io/api/v4/search?q=Berkshire%20Hathaway&from=2026-04-27T12%3A00%3A12Z&lang=en&max=5&token=794786c3ebe93318376fdc317b3f09d2'
For more information check: https://developer.mozilla.org/en-US/docs/Web/HTTP/Status/429
2026-04-27 18:00:12,534 [INFO] httpx: HTTP Request: GET https://newsapi.org/v2/everything?q=Coca-Cola&from=2026-04-27T12%3A00%3A12%2B00%3A00&language=en&sortBy=publishedAt&pageSize=5&apiKey=e5c51acd76eb4f5eab049efdcb3810e0 "HTTP/1.1 200 OK"
2026-04-27 18:00:12,639 [INFO] httpx: HTTP Request: GET https://gnews.io/api/v4/search?q=Coca-Cola&from=2026-04-27T12%3A00%3A12Z&lang=en&max=5&token=794786c3ebe93318376fdc317b3f09d2 "HTTP/1.1 400 Bad Request"
2026-04-27 18:00:12,641 [WARNING] modules.stock_news: GNews fetch failed for Coca-Cola: Client error '400 Bad Request' for url 'https://gnews.io/api/v4/search?q=Coca-Cola&from=2026-04-27T12%3A00%3A12Z&lang=en&max=5&token=794786c3ebe93318376fdc317b3f09d2'
For more information check: https://developer.mozilla.org/en-US/docs/Web/HTTP/Status/400
2026-04-27 18:00:12,759 [INFO] httpx: HTTP Request: GET https://newsapi.org/v2/everything?q=Johnson%20%26%20Johnson&from=2026-04-27T12%3A00%3A12%2B00%3A00&language=en&sortBy=publishedAt&pageSize=5&apiKey=e5c51acd76eb4f5eab049efdcb3810e0 "HTTP/1.1 200 OK"
2026-04-27 18:00:13,098 [INFO] httpx: HTTP Request: GET https://gnews.io/api/v4/search?q=Johnson%20%26%20Johnson&from=2026-04-27T12%3A00%3A12Z&lang=en&max=5&token=794786c3ebe93318376fdc317b3f09d2 "HTTP/1.1 429 Too Many Requests"
2026-04-27 18:00:13,099 [WARNING] modules.stock_news: GNews fetch failed for Johnson & Johnson: Client error '429 Too Many Requests' for url 'https://gnews.io/api/v4/search?q=Johnson%20%26%20Johnson&from=2026-04-27T12%3A00%3A12Z&lang=en&max=5&token=794786c3ebe93318376fdc317b3f09d2'
For more information check: https://developer.mozilla.org/en-US/docs/Web/HTTP/Status/429
2026-04-27 18:00:13,218 [INFO] httpx: HTTP Request: GET https://newsapi.org/v2/everything?q=Visa&from=2026-04-27T12%3A00%3A13%2B00%3A00&language=en&sortBy=publishedAt&pageSize=5&apiKey=e5c51acd76eb4f5eab049efdcb3810e0 "HTTP/1.1 200 OK"
2026-04-27 18:00:13,338 [INFO] httpx: HTTP Request: GET https://gnews.io/api/v4/search?q=Visa&from=2026-04-27T12%3A00%3A13Z&lang=en&max=5&token=794786c3ebe93318376fdc317b3f09d2 "HTTP/1.1 429 Too Many Requests"
2026-04-27 18:00:13,340 [WARNING] modules.stock_news: GNews fetch failed for Visa: Client error '429 Too Many Requests' for url 'https://gnews.io/api/v4/search?q=Visa&from=2026-04-27T12%3A00%3A13Z&lang=en&max=5&token=794786c3ebe93318376fdc317b3f09d2'
For more information check: https://developer.mozilla.org/en-US/docs/Web/HTTP/Status/429
2026-04-27 18:00:13,486 [INFO] httpx: HTTP Request: GET https://newsapi.org/v2/everything?q=Meta%20Platforms&from=2026-04-27T12%3A00%3A13%2B00%3A00&language=en&sortBy=publishedAt&pageSize=5&apiKey=e5c51acd76eb4f5eab049efdcb3810e0 "HTTP/1.1 200 OK"
2026-04-27 18:00:13,609 [INFO] httpx: HTTP Request: GET https://gnews.io/api/v4/search?q=Meta%20Platforms&from=2026-04-27T12%3A00%3A13Z&lang=en&max=5&token=794786c3ebe93318376fdc317b3f09d2 "HTTP/1.1 429 Too Many Requests"
2026-04-27 18:00:13,611 [WARNING] modules.stock_news: GNews fetch failed for Meta Platforms: Client error '429 Too Many Requests' for url 'https://gnews.io/api/v4/search?q=Meta%20Platforms&from=2026-04-27T12%3A00%3A13Z&lang=en&max=5&token=794786c3ebe93318376fdc317b3f09d2'
For more information check: https://developer.mozilla.org/en-US/docs/Web/HTTP/Status/429
2026-04-27 18:00:13,736 [INFO] httpx: HTTP Request: GET https://newsapi.org/v2/everything?q=Nvidia&from=2026-04-27T12%3A00%3A13%2B00%3A00&language=en&sortBy=publishedAt&pageSize=5&apiKey=e5c51acd76eb4f5eab049efdcb3810e0 "HTTP/1.1 200 OK"
2026-04-27 18:00:14,504 [INFO] httpx: HTTP Request: GET https://gnews.io/api/v4/search?q=Nvidia&from=2026-04-27T12%3A00%3A13Z&lang=en&max=5&token=794786c3ebe93318376fdc317b3f09d2 "HTTP/1.1 200 OK"
2026-04-27 18:00:14,617 [INFO] httpx: HTTP Request: GET https://newsapi.org/v2/everything?q=ASML%20Holding&from=2026-04-27T12%3A00%3A14%2B00%3A00&language=en&sortBy=publishedAt&pageSize=5&apiKey=e5c51acd76eb4f5eab049efdcb3810e0 "HTTP/1.1 200 OK"
2026-04-27 18:00:14,719 [INFO] httpx: HTTP Request: GET https://gnews.io/api/v4/search?q=ASML%20Holding&from=2026-04-27T12%3A00%3A14Z&lang=en&max=5&token=794786c3ebe93318376fdc317b3f09d2 "HTTP/1.1 429 Too Many Requests"
2026-04-27 18:00:14,722 [WARNING] modules.stock_news: GNews fetch failed for ASML Holding: Client error '429 Too Many Requests' for url 'https://gnews.io/api/v4/search?q=ASML%20Holding&from=2026-04-27T12%3A00%3A14Z&lang=en&max=5&token=794786c3ebe93318376fdc317b3f09d2'
For more information check: https://developer.mozilla.org/en-US/docs/Web/HTTP/Status/429
2026-04-27 18:00:14,834 [INFO] httpx: HTTP Request: GET https://newsapi.org/v2/everything?q=SAP&from=2026-04-27T12%3A00%3A14%2B00%3A00&language=en&sortBy=publishedAt&pageSize=5&apiKey=e5c51acd76eb4f5eab049efdcb3810e0 "HTTP/1.1 200 OK"
2026-04-27 18:00:15,588 [INFO] httpx: HTTP Request: GET https://gnews.io/api/v4/search?q=SAP&from=2026-04-27T12%3A00%3A14Z&lang=en&max=5&token=794786c3ebe93318376fdc317b3f09d2 "HTTP/1.1 200 OK"
2026-04-27 18:00:15,707 [INFO] httpx: HTTP Request: GET https://newsapi.org/v2/everything?q=Novo%20Nordisk&from=2026-04-27T12%3A00%3A15%2B00%3A00&language=en&sortBy=publishedAt&pageSize=5&apiKey=e5c51acd76eb4f5eab049efdcb3810e0 "HTTP/1.1 200 OK"
2026-04-27 18:00:15,818 [INFO] httpx: HTTP Request: GET https://gnews.io/api/v4/search?q=Novo%20Nordisk&from=2026-04-27T12%3A00%3A15Z&lang=en&max=5&token=794786c3ebe93318376fdc317b3f09d2 "HTTP/1.1 429 Too Many Requests"
2026-04-27 18:00:15,819 [WARNING] modules.stock_news: GNews fetch failed for Novo Nordisk: Client error '429 Too Many Requests' for url 'https://gnews.io/api/v4/search?q=Novo%20Nordisk&from=2026-04-27T12%3A00%3A15Z&lang=en&max=5&token=794786c3ebe93318376fdc317b3f09d2'
For more information check: https://developer.mozilla.org/en-US/docs/Web/HTTP/Status/429
2026-04-27 18:00:15,938 [INFO] httpx: HTTP Request: GET https://newsapi.org/v2/everything?q=Ferrari&from=2026-04-27T12%3A00%3A15%2B00%3A00&language=en&sortBy=publishedAt&pageSize=5&apiKey=e5c51acd76eb4f5eab049efdcb3810e0 "HTTP/1.1 200 OK"
2026-04-27 18:00:16,780 [INFO] httpx: HTTP Request: GET https://gnews.io/api/v4/search?q=Ferrari&from=2026-04-27T12%3A00%3A15Z&lang=en&max=5&token=794786c3ebe93318376fdc317b3f09d2 "HTTP/1.1 200 OK"
2026-04-27 18:00:16,922 [INFO] httpx: HTTP Request: GET https://newsapi.org/v2/everything?q=LVMH&from=2026-04-27T12%3A00%3A16%2B00%3A00&language=en&sortBy=publishedAt&pageSize=5&apiKey=e5c51acd76eb4f5eab049efdcb3810e0 "HTTP/1.1 200 OK"
2026-04-27 18:00:17,026 [INFO] httpx: HTTP Request: GET https://gnews.io/api/v4/search?q=LVMH&from=2026-04-27T12%3A00%3A16Z&lang=en&max=5&token=794786c3ebe93318376fdc317b3f09d2 "HTTP/1.1 429 Too Many Requests"
2026-04-27 18:00:17,027 [WARNING] modules.stock_news: GNews fetch failed for LVMH: Client error '429 Too Many Requests' for url 'https://gnews.io/api/v4/search?q=LVMH&from=2026-04-27T12%3A00%3A16Z&lang=en&max=5&token=794786c3ebe93318376fdc317b3f09d2'
For more information check: https://developer.mozilla.org/en-US/docs/Web/HTTP/Status/429
2026-04-27 18:00:17,028 [INFO] stock_news_check: News scan done — breaking signals: 0
2026-04-27 18:00:17,029 [INFO] stock_news_check: News-check run done: re-analyzed=0 alerts_sent=0
2026-04-28 10:00:03,484 [INFO] httpx: HTTP Request: GET https://newsapi.org/v2/everything?q=Apple&from=2026-04-28T04%3A00%3A02%2B00%3A00&language=en&sortBy=publishedAt&pageSize=5&apiKey=e5c51acd76eb4f5eab049efdcb3810e0 "HTTP/1.1 200 OK"
2026-04-28 10:00:03,732 [INFO] httpx: HTTP Request: GET https://newsapi.org/v2/everything?q=Microsoft&from=2026-04-28T04%3A00%3A03%2B00%3A00&language=en&sortBy=publishedAt&pageSize=5&apiKey=e5c51acd76eb4f5eab049efdcb3810e0 "HTTP/1.1 200 OK"
2026-04-28 10:00:03,963 [INFO] httpx: HTTP Request: GET https://newsapi.org/v2/everything?q=Alphabet%20%28Google%29&from=2026-04-28T04%3A00%3A03%2B00%3A00&language=en&sortBy=publishedAt&pageSize=5&apiKey=e5c51acd76eb4f5eab049efdcb3810e0 "HTTP/1.1 200 OK"
2026-04-28 10:00:04,156 [INFO] httpx: HTTP Request: GET https://newsapi.org/v2/everything?q=Amazon&from=2026-04-28T04%3A00%3A03%2B00%3A00&language=en&sortBy=publishedAt&pageSize=5&apiKey=e5c51acd76eb4f5eab049efdcb3810e0 "HTTP/1.1 200 OK"
2026-04-28 10:00:04,399 [INFO] httpx: HTTP Request: GET https://newsapi.org/v2/everything?q=Berkshire%20Hathaway&from=2026-04-28T04%3A00%3A04%2B00%3A00&language=en&sortBy=publishedAt&pageSize=5&apiKey=e5c51acd76eb4f5eab049efdcb3810e0 "HTTP/1.1 200 OK"
2026-04-28 10:00:04,571 [INFO] httpx: HTTP Request: GET https://newsapi.org/v2/everything?q=Coca-Cola&from=2026-04-28T04%3A00%3A04%2B00%3A00&language=en&sortBy=publishedAt&pageSize=5&apiKey=e5c51acd76eb4f5eab049efdcb3810e0 "HTTP/1.1 200 OK"
2026-04-28 10:00:04,698 [INFO] httpx: HTTP Request: GET https://newsapi.org/v2/everything?q=Johnson%20%26%20Johnson&from=2026-04-28T04%3A00%3A04%2B00%3A00&language=en&sortBy=publishedAt&pageSize=5&apiKey=e5c51acd76eb4f5eab049efdcb3810e0 "HTTP/1.1 200 OK"
2026-04-28 10:00:04,927 [INFO] httpx: HTTP Request: GET https://newsapi.org/v2/everything?q=Visa&from=2026-04-28T04%3A00%3A04%2B00%3A00&language=en&sortBy=publishedAt&pageSize=5&apiKey=e5c51acd76eb4f5eab049efdcb3810e0 "HTTP/1.1 200 OK"
2026-04-28 10:00:05,220 [INFO] httpx: HTTP Request: GET https://newsapi.org/v2/everything?q=Meta%20Platforms&from=2026-04-28T04%3A00%3A04%2B00%3A00&language=en&sortBy=publishedAt&pageSize=5&apiKey=e5c51acd76eb4f5eab049efdcb3810e0 "HTTP/1.1 200 OK"
2026-04-28 10:00:05,603 [INFO] httpx: HTTP Request: GET https://newsapi.org/v2/everything?q=Nvidia&from=2026-04-28T04%3A00%3A05%2B00%3A00&language=en&sortBy=publishedAt&pageSize=5&apiKey=e5c51acd76eb4f5eab049efdcb3810e0 "HTTP/1.1 200 OK"
2026-04-28 10:00:05,852 [INFO] httpx: HTTP Request: GET https://newsapi.org/v2/everything?q=ASML%20Holding&from=2026-04-28T04%3A00%3A05%2B00%3A00&language=en&sortBy=publishedAt&pageSize=5&apiKey=e5c51acd76eb4f5eab049efdcb3810e0 "HTTP/1.1 200 OK"
2026-04-28 10:00:06,083 [INFO] httpx: HTTP Request: GET https://newsapi.org/v2/everything?q=SAP&from=2026-04-28T04%3A00%3A05%2B00%3A00&language=en&sortBy=publishedAt&pageSize=5&apiKey=e5c51acd76eb4f5eab049efdcb3810e0 "HTTP/1.1 200 OK"
2026-04-28 10:00:06,207 [INFO] httpx: HTTP Request: GET https://newsapi.org/v2/everything?q=Novo%20Nordisk&from=2026-04-28T04%3A00%3A06%2B00%3A00&language=en&sortBy=publishedAt&pageSize=5&apiKey=e5c51acd76eb4f5eab049efdcb3810e0 "HTTP/1.1 200 OK"
2026-04-28 10:00:06,486 [INFO] httpx: HTTP Request: GET https://newsapi.org/v2/everything?q=Ferrari&from=2026-04-28T04%3A00%3A06%2B00%3A00&language=en&sortBy=publishedAt&pageSize=5&apiKey=e5c51acd76eb4f5eab049efdcb3810e0 "HTTP/1.1 200 OK"
2026-04-28 10:00:06,677 [INFO] httpx: HTTP Request: GET https://newsapi.org/v2/everything?q=LVMH&from=2026-04-28T04%3A00%3A06%2B00%3A00&language=en&sortBy=publishedAt&pageSize=5&apiKey=e5c51acd76eb4f5eab049efdcb3810e0 "HTTP/1.1 200 OK"
2026-04-28 10:00:06,680 [INFO] stock_news_check: News scan done — breaking signals: 0
2026-04-28 10:00:06,680 [INFO] stock_news_check: News-check run done: re-analyzed=0 alerts_sent=0
2026-04-28 14:00:03,403 [INFO] httpx: HTTP Request: GET https://newsapi.org/v2/everything?q=Apple&from=2026-04-28T08%3A00%3A03%2B00%3A00&language=en&sortBy=publishedAt&pageSize=5&apiKey=e5c51acd76eb4f5eab049efdcb3810e0 "HTTP/1.1 200 OK"
2026-04-28 14:00:04,057 [INFO] httpx: HTTP Request: GET https://newsapi.org/v2/everything?q=Microsoft&from=2026-04-28T08%3A00%3A03%2B00%3A00&language=en&sortBy=publishedAt&pageSize=5&apiKey=e5c51acd76eb4f5eab049efdcb3810e0 "HTTP/1.1 200 OK"
2026-04-28 14:00:04,220 [INFO] httpx: HTTP Request: GET https://newsapi.org/v2/everything?q=Alphabet%20%28Google%29&from=2026-04-28T08%3A00%3A04%2B00%3A00&language=en&sortBy=publishedAt&pageSize=5&apiKey=e5c51acd76eb4f5eab049efdcb3810e0 "HTTP/1.1 200 OK"
2026-04-28 14:00:04,447 [INFO] httpx: HTTP Request: GET https://newsapi.org/v2/everything?q=Amazon&from=2026-04-28T08%3A00%3A04%2B00%3A00&language=en&sortBy=publishedAt&pageSize=5&apiKey=e5c51acd76eb4f5eab049efdcb3810e0 "HTTP/1.1 200 OK"
2026-04-28 14:00:04,664 [INFO] httpx: HTTP Request: GET https://newsapi.org/v2/everything?q=Berkshire%20Hathaway&from=2026-04-28T08%3A00%3A04%2B00%3A00&language=en&sortBy=publishedAt&pageSize=5&apiKey=e5c51acd76eb4f5eab049efdcb3810e0 "HTTP/1.1 200 OK"
2026-04-28 14:00:05,033 [INFO] httpx: HTTP Request: GET https://newsapi.org/v2/everything?q=Coca-Cola&from=2026-04-28T08%3A00%3A04%2B00%3A00&language=en&sortBy=publishedAt&pageSize=5&apiKey=e5c51acd76eb4f5eab049efdcb3810e0 "HTTP/1.1 200 OK"
2026-04-28 14:00:05,192 [INFO] httpx: HTTP Request: GET https://newsapi.org/v2/everything?q=Johnson%20%26%20Johnson&from=2026-04-28T08%3A00%3A05%2B00%3A00&language=en&sortBy=publishedAt&pageSize=5&apiKey=e5c51acd76eb4f5eab049efdcb3810e0 "HTTP/1.1 200 OK"
2026-04-28 14:00:05,403 [INFO] httpx: HTTP Request: GET https://newsapi.org/v2/everything?q=Visa&from=2026-04-28T08%3A00%3A05%2B00%3A00&language=en&sortBy=publishedAt&pageSize=5&apiKey=e5c51acd76eb4f5eab049efdcb3810e0 "HTTP/1.1 200 OK"
2026-04-28 14:00:05,579 [INFO] httpx: HTTP Request: GET https://newsapi.org/v2/everything?q=Meta%20Platforms&from=2026-04-28T08%3A00%3A05%2B00%3A00&language=en&sortBy=publishedAt&pageSize=5&apiKey=e5c51acd76eb4f5eab049efdcb3810e0 "HTTP/1.1 200 OK"
2026-04-28 14:00:05,756 [INFO] httpx: HTTP Request: GET https://newsapi.org/v2/everything?q=Nvidia&from=2026-04-28T08%3A00%3A05%2B00%3A00&language=en&sortBy=publishedAt&pageSize=5&apiKey=e5c51acd76eb4f5eab049efdcb3810e0 "HTTP/1.1 200 OK"
2026-04-28 14:00:05,879 [INFO] httpx: HTTP Request: GET https://newsapi.org/v2/everything?q=ASML%20Holding&from=2026-04-28T08%3A00%3A05%2B00%3A00&language=en&sortBy=publishedAt&pageSize=5&apiKey=e5c51acd76eb4f5eab049efdcb3810e0 "HTTP/1.1 200 OK"
2026-04-28 14:00:05,999 [INFO] httpx: HTTP Request: GET https://newsapi.org/v2/everything?q=SAP&from=2026-04-28T08%3A00%3A05%2B00%3A00&language=en&sortBy=publishedAt&pageSize=5&apiKey=e5c51acd76eb4f5eab049efdcb3810e0 "HTTP/1.1 200 OK"
2026-04-28 14:00:06,192 [INFO] httpx: HTTP Request: GET https://newsapi.org/v2/everything?q=Novo%20Nordisk&from=2026-04-28T08%3A00%3A06%2B00%3A00&language=en&sortBy=publishedAt&pageSize=5&apiKey=e5c51acd76eb4f5eab049efdcb3810e0 "HTTP/1.1 200 OK"
2026-04-28 14:00:06,304 [INFO] httpx: HTTP Request: GET https://newsapi.org/v2/everything?q=Ferrari&from=2026-04-28T08%3A00%3A06%2B00%3A00&language=en&sortBy=publishedAt&pageSize=5&apiKey=e5c51acd76eb4f5eab049efdcb3810e0 "HTTP/1.1 200 OK"
2026-04-28 14:00:06,425 [INFO] httpx: HTTP Request: GET https://newsapi.org/v2/everything?q=LVMH&from=2026-04-28T08%3A00%3A06%2B00%3A00&language=en&sortBy=publishedAt&pageSize=5&apiKey=e5c51acd76eb4f5eab049efdcb3810e0 "HTTP/1.1 200 OK"
2026-04-28 14:00:06,427 [INFO] stock_news_check: News scan done — breaking signals: 0
2026-04-28 14:00:06,428 [INFO] stock_news_check: News-check run done: re-analyzed=0 alerts_sent=0
2026-04-28 18:00:03,416 [INFO] httpx: HTTP Request: GET https://newsapi.org/v2/everything?q=Apple&from=2026-04-28T12%3A00%3A02%2B00%3A00&language=en&sortBy=publishedAt&pageSize=5&apiKey=e5c51acd76eb4f5eab049efdcb3810e0 "HTTP/1.1 200 OK"
2026-04-28 18:00:03,779 [INFO] httpx: HTTP Request: GET https://newsapi.org/v2/everything?q=Microsoft&from=2026-04-28T12%3A00%3A03%2B00%3A00&language=en&sortBy=publishedAt&pageSize=5&apiKey=e5c51acd76eb4f5eab049efdcb3810e0 "HTTP/1.1 200 OK"
2026-04-28 18:00:03,961 [INFO] httpx: HTTP Request: GET https://newsapi.org/v2/everything?q=Alphabet%20%28Google%29&from=2026-04-28T12%3A00%3A03%2B00%3A00&language=en&sortBy=publishedAt&pageSize=5&apiKey=e5c51acd76eb4f5eab049efdcb3810e0 "HTTP/1.1 200 OK"
2026-04-28 18:00:04,155 [INFO] httpx: HTTP Request: GET https://newsapi.org/v2/everything?q=Amazon&from=2026-04-28T12%3A00%3A03%2B00%3A00&language=en&sortBy=publishedAt&pageSize=5&apiKey=e5c51acd76eb4f5eab049efdcb3810e0 "HTTP/1.1 200 OK"
2026-04-28 18:00:04,327 [INFO] httpx: HTTP Request: GET https://newsapi.org/v2/everything?q=Berkshire%20Hathaway&from=2026-04-28T12%3A00%3A04%2B00%3A00&language=en&sortBy=publishedAt&pageSize=5&apiKey=e5c51acd76eb4f5eab049efdcb3810e0 "HTTP/1.1 200 OK"
2026-04-28 18:00:04,629 [INFO] httpx: HTTP Request: GET https://newsapi.org/v2/everything?q=Coca-Cola&from=2026-04-28T12%3A00%3A04%2B00%3A00&language=en&sortBy=publishedAt&pageSize=5&apiKey=e5c51acd76eb4f5eab049efdcb3810e0 "HTTP/1.1 200 OK"
2026-04-28 18:00:04,770 [INFO] httpx: HTTP Request: GET https://newsapi.org/v2/everything?q=Johnson%20%26%20Johnson&from=2026-04-28T12%3A00%3A04%2B00%3A00&language=en&sortBy=publishedAt&pageSize=5&apiKey=e5c51acd76eb4f5eab049efdcb3810e0 "HTTP/1.1 200 OK"
2026-04-28 18:00:04,899 [INFO] httpx: HTTP Request: GET https://newsapi.org/v2/everything?q=Visa&from=2026-04-28T12%3A00%3A04%2B00%3A00&language=en&sortBy=publishedAt&pageSize=5&apiKey=e5c51acd76eb4f5eab049efdcb3810e0 "HTTP/1.1 200 OK"
2026-04-28 18:00:05,068 [INFO] httpx: HTTP Request: GET https://newsapi.org/v2/everything?q=Meta%20Platforms&from=2026-04-28T12%3A00%3A04%2B00%3A00&language=en&sortBy=publishedAt&pageSize=5&apiKey=e5c51acd76eb4f5eab049efdcb3810e0 "HTTP/1.1 200 OK"
2026-04-28 18:00:05,287 [INFO] httpx: HTTP Request: GET https://newsapi.org/v2/everything?q=Nvidia&from=2026-04-28T12%3A00%3A05%2B00%3A00&language=en&sortBy=publishedAt&pageSize=5&apiKey=e5c51acd76eb4f5eab049efdcb3810e0 "HTTP/1.1 200 OK"
2026-04-28 18:00:05,428 [INFO] httpx: HTTP Request: GET https://newsapi.org/v2/everything?q=ASML%20Holding&from=2026-04-28T12%3A00%3A05%2B00%3A00&language=en&sortBy=publishedAt&pageSize=5&apiKey=e5c51acd76eb4f5eab049efdcb3810e0 "HTTP/1.1 200 OK"
2026-04-28 18:00:05,553 [INFO] httpx: HTTP Request: GET https://newsapi.org/v2/everything?q=SAP&from=2026-04-28T12%3A00%3A05%2B00%3A00&language=en&sortBy=publishedAt&pageSize=5&apiKey=e5c51acd76eb4f5eab049efdcb3810e0 "HTTP/1.1 200 OK"
2026-04-28 18:00:05,745 [INFO] httpx: HTTP Request: GET https://newsapi.org/v2/everything?q=Novo%20Nordisk&from=2026-04-28T12%3A00%3A05%2B00%3A00&language=en&sortBy=publishedAt&pageSize=5&apiKey=e5c51acd76eb4f5eab049efdcb3810e0 "HTTP/1.1 200 OK"
2026-04-28 18:00:05,885 [INFO] httpx: HTTP Request: GET https://newsapi.org/v2/everything?q=Ferrari&from=2026-04-28T12%3A00%3A05%2B00%3A00&language=en&sortBy=publishedAt&pageSize=5&apiKey=e5c51acd76eb4f5eab049efdcb3810e0 "HTTP/1.1 200 OK"
2026-04-28 18:00:06,008 [INFO] httpx: HTTP Request: GET https://newsapi.org/v2/everything?q=LVMH&from=2026-04-28T12%3A00%3A05%2B00%3A00&language=en&sortBy=publishedAt&pageSize=5&apiKey=e5c51acd76eb4f5eab049efdcb3810e0 "HTTP/1.1 200 OK"
2026-04-28 18:00:06,009 [INFO] stock_news_check: News scan done — breaking signals: 0
2026-04-28 18:00:06,009 [INFO] stock_news_check: News-check run done: re-analyzed=0 alerts_sent=0
2026-04-29 10:00:03,040 [INFO] httpx: HTTP Request: GET https://newsapi.org/v2/everything?q=Apple&from=2026-04-29T04%3A00%3A02%2B00%3A00&language=en&sortBy=publishedAt&pageSize=5&apiKey=e5c51acd76eb4f5eab049efdcb3810e0 "HTTP/1.1 200 OK"
2026-04-29 10:00:03,219 [INFO] httpx: HTTP Request: GET https://newsapi.org/v2/everything?q=Microsoft&from=2026-04-29T04%3A00%3A03%2B00%3A00&language=en&sortBy=publishedAt&pageSize=5&apiKey=e5c51acd76eb4f5eab049efdcb3810e0 "HTTP/1.1 200 OK"
2026-04-29 10:00:03,347 [INFO] httpx: HTTP Request: GET https://newsapi.org/v2/everything?q=Alphabet%20%28Google%29&from=2026-04-29T04%3A00%3A03%2B00%3A00&language=en&sortBy=publishedAt&pageSize=5&apiKey=e5c51acd76eb4f5eab049efdcb3810e0 "HTTP/1.1 200 OK"
2026-04-29 10:00:03,510 [INFO] httpx: HTTP Request: GET https://newsapi.org/v2/everything?q=Amazon&from=2026-04-29T04%3A00%3A03%2B00%3A00&language=en&sortBy=publishedAt&pageSize=5&apiKey=e5c51acd76eb4f5eab049efdcb3810e0 "HTTP/1.1 200 OK"
2026-04-29 10:00:03,648 [INFO] httpx: HTTP Request: GET https://newsapi.org/v2/everything?q=Berkshire%20Hathaway&from=2026-04-29T04%3A00%3A03%2B00%3A00&language=en&sortBy=publishedAt&pageSize=5&apiKey=e5c51acd76eb4f5eab049efdcb3810e0 "HTTP/1.1 200 OK"
2026-04-29 10:00:03,804 [INFO] httpx: HTTP Request: GET https://newsapi.org/v2/everything?q=Coca-Cola&from=2026-04-29T04%3A00%3A03%2B00%3A00&language=en&sortBy=publishedAt&pageSize=5&apiKey=e5c51acd76eb4f5eab049efdcb3810e0 "HTTP/1.1 200 OK"
2026-04-29 10:00:03,932 [INFO] httpx: HTTP Request: GET https://newsapi.org/v2/everything?q=Johnson%20%26%20Johnson&from=2026-04-29T04%3A00%3A03%2B00%3A00&language=en&sortBy=publishedAt&pageSize=5&apiKey=e5c51acd76eb4f5eab049efdcb3810e0 "HTTP/1.1 200 OK"
2026-04-29 10:00:04,050 [INFO] httpx: HTTP Request: GET https://newsapi.org/v2/everything?q=Visa&from=2026-04-29T04%3A00%3A03%2B00%3A00&language=en&sortBy=publishedAt&pageSize=5&apiKey=e5c51acd76eb4f5eab049efdcb3810e0 "HTTP/1.1 200 OK"
2026-04-29 10:00:04,187 [INFO] httpx: HTTP Request: GET https://newsapi.org/v2/everything?q=Meta%20Platforms&from=2026-04-29T04%3A00%3A04%2B00%3A00&language=en&sortBy=publishedAt&pageSize=5&apiKey=e5c51acd76eb4f5eab049efdcb3810e0 "HTTP/1.1 200 OK"
2026-04-29 10:00:04,309 [INFO] httpx: HTTP Request: GET https://newsapi.org/v2/everything?q=Nvidia&from=2026-04-29T04%3A00%3A04%2B00%3A00&language=en&sortBy=publishedAt&pageSize=5&apiKey=e5c51acd76eb4f5eab049efdcb3810e0 "HTTP/1.1 200 OK"
2026-04-29 10:00:04,431 [INFO] httpx: HTTP Request: GET https://newsapi.org/v2/everything?q=ASML%20Holding&from=2026-04-29T04%3A00%3A04%2B00%3A00&language=en&sortBy=publishedAt&pageSize=5&apiKey=e5c51acd76eb4f5eab049efdcb3810e0 "HTTP/1.1 200 OK"
2026-04-29 10:00:04,553 [INFO] httpx: HTTP Request: GET https://newsapi.org/v2/everything?q=SAP&from=2026-04-29T04%3A00%3A04%2B00%3A00&language=en&sortBy=publishedAt&pageSize=5&apiKey=e5c51acd76eb4f5eab049efdcb3810e0 "HTTP/1.1 200 OK"
2026-04-29 10:00:04,684 [INFO] httpx: HTTP Request: GET https://newsapi.org/v2/everything?q=Novo%20Nordisk&from=2026-04-29T04%3A00%3A04%2B00%3A00&language=en&sortBy=publishedAt&pageSize=5&apiKey=e5c51acd76eb4f5eab049efdcb3810e0 "HTTP/1.1 200 OK"
2026-04-29 10:00:04,802 [INFO] httpx: HTTP Request: GET https://newsapi.org/v2/everything?q=Ferrari&from=2026-04-29T04%3A00%3A04%2B00%3A00&language=en&sortBy=publishedAt&pageSize=5&apiKey=e5c51acd76eb4f5eab049efdcb3810e0 "HTTP/1.1 200 OK"
2026-04-29 10:00:04,921 [INFO] httpx: HTTP Request: GET https://newsapi.org/v2/everything?q=LVMH&from=2026-04-29T04%3A00%3A04%2B00%3A00&language=en&sortBy=publishedAt&pageSize=5&apiKey=e5c51acd76eb4f5eab049efdcb3810e0 "HTTP/1.1 200 OK"
2026-04-29 10:00:04,923 [INFO] stock_news_check: News scan done — breaking signals: 0
2026-04-29 10:00:04,924 [INFO] stock_news_check: News-check run done: re-analyzed=0 alerts_sent=0
2026-04-29 14:00:03,484 [INFO] httpx: HTTP Request: GET https://newsapi.org/v2/everything?q=Apple&from=2026-04-29T08%3A00%3A03%2B00%3A00&language=en&sortBy=publishedAt&pageSize=5&apiKey=e5c51acd76eb4f5eab049efdcb3810e0 "HTTP/1.1 200 OK"
2026-04-29 14:00:03,811 [INFO] httpx: HTTP Request: GET https://newsapi.org/v2/everything?q=Microsoft&from=2026-04-29T08%3A00%3A03%2B00%3A00&language=en&sortBy=publishedAt&pageSize=5&apiKey=e5c51acd76eb4f5eab049efdcb3810e0 "HTTP/1.1 200 OK"
2026-04-29 14:00:04,086 [INFO] httpx: HTTP Request: GET https://newsapi.org/v2/everything?q=Alphabet%20%28Google%29&from=2026-04-29T08%3A00%3A03%2B00%3A00&language=en&sortBy=publishedAt&pageSize=5&apiKey=e5c51acd76eb4f5eab049efdcb3810e0 "HTTP/1.1 200 OK"
2026-04-29 14:00:04,310 [INFO] httpx: HTTP Request: GET https://newsapi.org/v2/everything?q=Amazon&from=2026-04-29T08%3A00%3A04%2B00%3A00&language=en&sortBy=publishedAt&pageSize=5&apiKey=e5c51acd76eb4f5eab049efdcb3810e0 "HTTP/1.1 200 OK"
2026-04-29 14:00:04,462 [INFO] httpx: HTTP Request: GET https://newsapi.org/v2/everything?q=Berkshire%20Hathaway&from=2026-04-29T08%3A00%3A04%2B00%3A00&language=en&sortBy=publishedAt&pageSize=5&apiKey=e5c51acd76eb4f5eab049efdcb3810e0 "HTTP/1.1 200 OK"
2026-04-29 14:00:04,596 [INFO] httpx: HTTP Request: GET https://newsapi.org/v2/everything?q=Coca-Cola&from=2026-04-29T08%3A00%3A04%2B00%3A00&language=en&sortBy=publishedAt&pageSize=5&apiKey=e5c51acd76eb4f5eab049efdcb3810e0 "HTTP/1.1 200 OK"
2026-04-29 14:00:04,760 [INFO] httpx: HTTP Request: GET https://newsapi.org/v2/everything?q=Johnson%20%26%20Johnson&from=2026-04-29T08%3A00%3A04%2B00%3A00&language=en&sortBy=publishedAt&pageSize=5&apiKey=e5c51acd76eb4f5eab049efdcb3810e0 "HTTP/1.1 200 OK"
2026-04-29 14:00:04,897 [INFO] httpx: HTTP Request: GET https://newsapi.org/v2/everything?q=Visa&from=2026-04-29T08%3A00%3A04%2B00%3A00&language=en&sortBy=publishedAt&pageSize=5&apiKey=e5c51acd76eb4f5eab049efdcb3810e0 "HTTP/1.1 200 OK"
2026-04-29 14:00:05,062 [INFO] httpx: HTTP Request: GET https://newsapi.org/v2/everything?q=Meta%20Platforms&from=2026-04-29T08%3A00%3A04%2B00%3A00&language=en&sortBy=publishedAt&pageSize=5&apiKey=e5c51acd76eb4f5eab049efdcb3810e0 "HTTP/1.1 200 OK"
2026-04-29 14:00:05,191 [INFO] httpx: HTTP Request: GET https://newsapi.org/v2/everything?q=Nvidia&from=2026-04-29T08%3A00%3A05%2B00%3A00&language=en&sortBy=publishedAt&pageSize=5&apiKey=e5c51acd76eb4f5eab049efdcb3810e0 "HTTP/1.1 200 OK"
2026-04-29 14:00:05,337 [INFO] httpx: HTTP Request: GET https://newsapi.org/v2/everything?q=ASML%20Holding&from=2026-04-29T08%3A00%3A05%2B00%3A00&language=en&sortBy=publishedAt&pageSize=5&apiKey=e5c51acd76eb4f5eab049efdcb3810e0 "HTTP/1.1 200 OK"
2026-04-29 14:00:05,516 [INFO] httpx: HTTP Request: GET https://newsapi.org/v2/everything?q=SAP&from=2026-04-29T08%3A00%3A05%2B00%3A00&language=en&sortBy=publishedAt&pageSize=5&apiKey=e5c51acd76eb4f5eab049efdcb3810e0 "HTTP/1.1 200 OK"
2026-04-29 14:00:05,727 [INFO] httpx: HTTP Request: GET https://newsapi.org/v2/everything?q=Novo%20Nordisk&from=2026-04-29T08%3A00%3A05%2B00%3A00&language=en&sortBy=publishedAt&pageSize=5&apiKey=e5c51acd76eb4f5eab049efdcb3810e0 "HTTP/1.1 200 OK"
2026-04-29 14:00:05,911 [INFO] httpx: HTTP Request: GET https://newsapi.org/v2/everything?q=Ferrari&from=2026-04-29T08%3A00%3A05%2B00%3A00&language=en&sortBy=publishedAt&pageSize=5&apiKey=e5c51acd76eb4f5eab049efdcb3810e0 "HTTP/1.1 200 OK"
2026-04-29 14:00:06,034 [INFO] httpx: HTTP Request: GET https://newsapi.org/v2/everything?q=LVMH&from=2026-04-29T08%3A00%3A05%2B00%3A00&language=en&sortBy=publishedAt&pageSize=5&apiKey=e5c51acd76eb4f5eab049efdcb3810e0 "HTTP/1.1 200 OK"
2026-04-29 14:00:06,035 [INFO] stock_news_check: News scan done — breaking signals: 0
2026-04-29 14:00:06,035 [INFO] stock_news_check: News-check run done: re-analyzed=0 alerts_sent=0
2026-04-29 18:00:04,149 [INFO] httpx: HTTP Request: GET https://newsapi.org/v2/everything?q=Apple&from=2026-04-29T12%3A00%3A03%2B00%3A00&language=en&sortBy=publishedAt&pageSize=5&apiKey=e5c51acd76eb4f5eab049efdcb3810e0 "HTTP/1.1 200 OK"
2026-04-29 18:00:05,062 [INFO] httpx: HTTP Request: GET https://newsapi.org/v2/everything?q=Microsoft&from=2026-04-29T12%3A00%3A04%2B00%3A00&language=en&sortBy=publishedAt&pageSize=5&apiKey=e5c51acd76eb4f5eab049efdcb3810e0 "HTTP/1.1 200 OK"
2026-04-29 18:00:05,580 [INFO] httpx: HTTP Request: GET https://newsapi.org/v2/everything?q=Alphabet%20%28Google%29&from=2026-04-29T12%3A00%3A05%2B00%3A00&language=en&sortBy=publishedAt&pageSize=5&apiKey=e5c51acd76eb4f5eab049efdcb3810e0 "HTTP/1.1 200 OK"
2026-04-29 18:00:06,155 [INFO] httpx: HTTP Request: GET https://newsapi.org/v2/everything?q=Amazon&from=2026-04-29T12%3A00%3A05%2B00%3A00&language=en&sortBy=publishedAt&pageSize=5&apiKey=e5c51acd76eb4f5eab049efdcb3810e0 "HTTP/1.1 200 OK"
2026-04-29 18:00:06,645 [INFO] httpx: HTTP Request: GET https://newsapi.org/v2/everything?q=Berkshire%20Hathaway&from=2026-04-29T12%3A00%3A06%2B00%3A00&language=en&sortBy=publishedAt&pageSize=5&apiKey=e5c51acd76eb4f5eab049efdcb3810e0 "HTTP/1.1 200 OK"
2026-04-29 18:00:07,006 [INFO] httpx: HTTP Request: GET https://newsapi.org/v2/everything?q=Coca-Cola&from=2026-04-29T12%3A00%3A06%2B00%3A00&language=en&sortBy=publishedAt&pageSize=5&apiKey=e5c51acd76eb4f5eab049efdcb3810e0 "HTTP/1.1 200 OK"
2026-04-29 18:00:07,213 [INFO] httpx: HTTP Request: GET https://newsapi.org/v2/everything?q=Johnson%20%26%20Johnson&from=2026-04-29T12%3A00%3A07%2B00%3A00&language=en&sortBy=publishedAt&pageSize=5&apiKey=e5c51acd76eb4f5eab049efdcb3810e0 "HTTP/1.1 200 OK"
2026-04-29 18:00:07,375 [INFO] httpx: HTTP Request: GET https://newsapi.org/v2/everything?q=Visa&from=2026-04-29T12%3A00%3A07%2B00%3A00&language=en&sortBy=publishedAt&pageSize=5&apiKey=e5c51acd76eb4f5eab049efdcb3810e0 "HTTP/1.1 200 OK"
2026-04-29 18:00:07,586 [INFO] httpx: HTTP Request: GET https://newsapi.org/v2/everything?q=Meta%20Platforms&from=2026-04-29T12%3A00%3A07%2B00%3A00&language=en&sortBy=publishedAt&pageSize=5&apiKey=e5c51acd76eb4f5eab049efdcb3810e0 "HTTP/1.1 200 OK"
2026-04-29 18:00:07,928 [INFO] httpx: HTTP Request: GET https://newsapi.org/v2/everything?q=Nvidia&from=2026-04-29T12%3A00%3A07%2B00%3A00&language=en&sortBy=publishedAt&pageSize=5&apiKey=e5c51acd76eb4f5eab049efdcb3810e0 "HTTP/1.1 200 OK"
2026-04-29 18:00:08,191 [INFO] httpx: HTTP Request: GET https://newsapi.org/v2/everything?q=ASML%20Holding&from=2026-04-29T12%3A00%3A07%2B00%3A00&language=en&sortBy=publishedAt&pageSize=5&apiKey=e5c51acd76eb4f5eab049efdcb3810e0 "HTTP/1.1 200 OK"
2026-04-29 18:00:08,344 [INFO] httpx: HTTP Request: GET https://newsapi.org/v2/everything?q=SAP&from=2026-04-29T12%3A00%3A08%2B00%3A00&language=en&sortBy=publishedAt&pageSize=5&apiKey=e5c51acd76eb4f5eab049efdcb3810e0 "HTTP/1.1 200 OK"
2026-04-29 18:00:08,600 [INFO] httpx: HTTP Request: GET https://newsapi.org/v2/everything?q=Novo%20Nordisk&from=2026-04-29T12%3A00%3A08%2B00%3A00&language=en&sortBy=publishedAt&pageSize=5&apiKey=e5c51acd76eb4f5eab049efdcb3810e0 "HTTP/1.1 200 OK"
2026-04-29 18:00:08,717 [INFO] httpx: HTTP Request: GET https://newsapi.org/v2/everything?q=Ferrari&from=2026-04-29T12%3A00%3A08%2B00%3A00&language=en&sortBy=publishedAt&pageSize=5&apiKey=e5c51acd76eb4f5eab049efdcb3810e0 "HTTP/1.1 200 OK"
2026-04-29 18:00:08,900 [INFO] httpx: HTTP Request: GET https://newsapi.org/v2/everything?q=LVMH&from=2026-04-29T12%3A00%3A08%2B00%3A00&language=en&sortBy=publishedAt&pageSize=5&apiKey=e5c51acd76eb4f5eab049efdcb3810e0 "HTTP/1.1 200 OK"
2026-04-29 18:00:08,902 [INFO] stock_news_check: News scan done — breaking signals: 0
2026-04-29 18:00:08,902 [INFO] stock_news_check: News-check run done: re-analyzed=0 alerts_sent=0
2026-04-30 10:00:02,925 [INFO] httpx: HTTP Request: GET https://newsapi.org/v2/everything?q=Apple&from=2026-04-30T04%3A00%3A02%2B00%3A00&language=en&sortBy=publishedAt&pageSize=5&apiKey=e5c51acd76eb4f5eab049efdcb3810e0 "HTTP/1.1 200 OK"
2026-04-30 10:00:03,201 [INFO] httpx: HTTP Request: GET https://newsapi.org/v2/everything?q=Microsoft&from=2026-04-30T04%3A00%3A02%2B00%3A00&language=en&sortBy=publishedAt&pageSize=5&apiKey=e5c51acd76eb4f5eab049efdcb3810e0 "HTTP/1.1 200 OK"
2026-04-30 10:00:03,323 [INFO] httpx: HTTP Request: GET https://newsapi.org/v2/everything?q=Alphabet%20%28Google%29&from=2026-04-30T04%3A00%3A03%2B00%3A00&language=en&sortBy=publishedAt&pageSize=5&apiKey=e5c51acd76eb4f5eab049efdcb3810e0 "HTTP/1.1 200 OK"
2026-04-30 10:00:03,445 [INFO] httpx: HTTP Request: GET https://newsapi.org/v2/everything?q=Amazon&from=2026-04-30T04%3A00%3A03%2B00%3A00&language=en&sortBy=publishedAt&pageSize=5&apiKey=e5c51acd76eb4f5eab049efdcb3810e0 "HTTP/1.1 200 OK"
2026-04-30 10:00:03,596 [INFO] httpx: HTTP Request: GET https://newsapi.org/v2/everything?q=Berkshire%20Hathaway&from=2026-04-30T04%3A00%3A03%2B00%3A00&language=en&sortBy=publishedAt&pageSize=5&apiKey=e5c51acd76eb4f5eab049efdcb3810e0 "HTTP/1.1 200 OK"
2026-04-30 10:00:03,715 [INFO] httpx: HTTP Request: GET https://newsapi.org/v2/everything?q=Coca-Cola&from=2026-04-30T04%3A00%3A03%2B00%3A00&language=en&sortBy=publishedAt&pageSize=5&apiKey=e5c51acd76eb4f5eab049efdcb3810e0 "HTTP/1.1 200 OK"
2026-04-30 10:00:03,833 [INFO] httpx: HTTP Request: GET https://newsapi.org/v2/everything?q=Johnson%20%26%20Johnson&from=2026-04-30T04%3A00%3A03%2B00%3A00&language=en&sortBy=publishedAt&pageSize=5&apiKey=e5c51acd76eb4f5eab049efdcb3810e0 "HTTP/1.1 200 OK"
2026-04-30 10:00:03,968 [INFO] httpx: HTTP Request: GET https://newsapi.org/v2/everything?q=Visa&from=2026-04-30T04%3A00%3A03%2B00%3A00&language=en&sortBy=publishedAt&pageSize=5&apiKey=e5c51acd76eb4f5eab049efdcb3810e0 "HTTP/1.1 200 OK"
2026-04-30 10:00:04,133 [INFO] httpx: HTTP Request: GET https://newsapi.org/v2/everything?q=Meta%20Platforms&from=2026-04-30T04%3A00%3A03%2B00%3A00&language=en&sortBy=publishedAt&pageSize=5&apiKey=e5c51acd76eb4f5eab049efdcb3810e0 "HTTP/1.1 200 OK"
2026-04-30 10:00:04,275 [INFO] httpx: HTTP Request: GET https://newsapi.org/v2/everything?q=Nvidia&from=2026-04-30T04%3A00%3A04%2B00%3A00&language=en&sortBy=publishedAt&pageSize=5&apiKey=e5c51acd76eb4f5eab049efdcb3810e0 "HTTP/1.1 200 OK"
2026-04-30 10:00:04,394 [INFO] httpx: HTTP Request: GET https://newsapi.org/v2/everything?q=ASML%20Holding&from=2026-04-30T04%3A00%3A04%2B00%3A00&language=en&sortBy=publishedAt&pageSize=5&apiKey=e5c51acd76eb4f5eab049efdcb3810e0 "HTTP/1.1 200 OK"
2026-04-30 10:00:04,514 [INFO] httpx: HTTP Request: GET https://newsapi.org/v2/everything?q=SAP&from=2026-04-30T04%3A00%3A04%2B00%3A00&language=en&sortBy=publishedAt&pageSize=5&apiKey=e5c51acd76eb4f5eab049efdcb3810e0 "HTTP/1.1 200 OK"
2026-04-30 10:00:04,717 [INFO] httpx: HTTP Request: GET https://newsapi.org/v2/everything?q=Novo%20Nordisk&from=2026-04-30T04%3A00%3A04%2B00%3A00&language=en&sortBy=publishedAt&pageSize=5&apiKey=e5c51acd76eb4f5eab049efdcb3810e0 "HTTP/1.1 200 OK"
2026-04-30 10:00:04,834 [INFO] httpx: HTTP Request: GET https://newsapi.org/v2/everything?q=Ferrari&from=2026-04-30T04%3A00%3A04%2B00%3A00&language=en&sortBy=publishedAt&pageSize=5&apiKey=e5c51acd76eb4f5eab049efdcb3810e0 "HTTP/1.1 200 OK"
2026-04-30 10:00:04,952 [INFO] httpx: HTTP Request: GET https://newsapi.org/v2/everything?q=LVMH&from=2026-04-30T04%3A00%3A04%2B00%3A00&language=en&sortBy=publishedAt&pageSize=5&apiKey=e5c51acd76eb4f5eab049efdcb3810e0 "HTTP/1.1 200 OK"
2026-04-30 10:00:04,953 [INFO] stock_news_check: News scan done — breaking signals: 0
2026-04-30 10:00:04,954 [INFO] stock_news_check: News-check run done: re-analyzed=0 alerts_sent=0
2026-04-30 14:00:03,516 [INFO] httpx: HTTP Request: GET https://newsapi.org/v2/everything?q=Apple&from=2026-04-30T08%3A00%3A03%2B00%3A00&language=en&sortBy=publishedAt&pageSize=5&apiKey=e5c51acd76eb4f5eab049efdcb3810e0 "HTTP/1.1 200 OK"
2026-04-30 14:00:03,647 [INFO] httpx: HTTP Request: GET https://newsapi.org/v2/everything?q=Microsoft&from=2026-04-30T08%3A00%3A03%2B00%3A00&language=en&sortBy=publishedAt&pageSize=5&apiKey=e5c51acd76eb4f5eab049efdcb3810e0 "HTTP/1.1 200 OK"
2026-04-30 14:00:03,799 [INFO] httpx: HTTP Request: GET https://newsapi.org/v2/everything?q=Alphabet%20%28Google%29&from=2026-04-30T08%3A00%3A03%2B00%3A00&language=en&sortBy=publishedAt&pageSize=5&apiKey=e5c51acd76eb4f5eab049efdcb3810e0 "HTTP/1.1 200 OK"
2026-04-30 14:00:03,926 [INFO] httpx: HTTP Request: GET https://newsapi.org/v2/everything?q=Amazon&from=2026-04-30T08%3A00%3A03%2B00%3A00&language=en&sortBy=publishedAt&pageSize=5&apiKey=e5c51acd76eb4f5eab049efdcb3810e0 "HTTP/1.1 200 OK"
2026-04-30 14:00:04,046 [INFO] httpx: HTTP Request: GET https://newsapi.org/v2/everything?q=Berkshire%20Hathaway&from=2026-04-30T08%3A00%3A03%2B00%3A00&language=en&sortBy=publishedAt&pageSize=5&apiKey=e5c51acd76eb4f5eab049efdcb3810e0 "HTTP/1.1 200 OK"
2026-04-30 14:00:04,175 [INFO] httpx: HTTP Request: GET https://newsapi.org/v2/everything?q=Coca-Cola&from=2026-04-30T08%3A00%3A04%2B00%3A00&language=en&sortBy=publishedAt&pageSize=5&apiKey=e5c51acd76eb4f5eab049efdcb3810e0 "HTTP/1.1 200 OK"
2026-04-30 14:00:04,304 [INFO] httpx: HTTP Request: GET https://newsapi.org/v2/everything?q=Johnson%20%26%20Johnson&from=2026-04-30T08%3A00%3A04%2B00%3A00&language=en&sortBy=publishedAt&pageSize=5&apiKey=e5c51acd76eb4f5eab049efdcb3810e0 "HTTP/1.1 200 OK"
2026-04-30 14:00:04,422 [INFO] httpx: HTTP Request: GET https://newsapi.org/v2/everything?q=Visa&from=2026-04-30T08%3A00%3A04%2B00%3A00&language=en&sortBy=publishedAt&pageSize=5&apiKey=e5c51acd76eb4f5eab049efdcb3810e0 "HTTP/1.1 200 OK"
2026-04-30 14:00:04,544 [INFO] httpx: HTTP Request: GET https://newsapi.org/v2/everything?q=Meta%20Platforms&from=2026-04-30T08%3A00%3A04%2B00%3A00&language=en&sortBy=publishedAt&pageSize=5&apiKey=e5c51acd76eb4f5eab049efdcb3810e0 "HTTP/1.1 200 OK"
2026-04-30 14:00:04,671 [INFO] httpx: HTTP Request: GET https://newsapi.org/v2/everything?q=Nvidia&from=2026-04-30T08%3A00%3A04%2B00%3A00&language=en&sortBy=publishedAt&pageSize=5&apiKey=e5c51acd76eb4f5eab049efdcb3810e0 "HTTP/1.1 200 OK"
2026-04-30 14:00:04,799 [INFO] httpx: HTTP Request: GET https://newsapi.org/v2/everything?q=ASML%20Holding&from=2026-04-30T08%3A00%3A04%2B00%3A00&language=en&sortBy=publishedAt&pageSize=5&apiKey=e5c51acd76eb4f5eab049efdcb3810e0 "HTTP/1.1 200 OK"
2026-04-30 14:00:04,927 [INFO] httpx: HTTP Request: GET https://newsapi.org/v2/everything?q=SAP&from=2026-04-30T08%3A00%3A04%2B00%3A00&language=en&sortBy=publishedAt&pageSize=5&apiKey=e5c51acd76eb4f5eab049efdcb3810e0 "HTTP/1.1 200 OK"
2026-04-30 14:00:05,126 [INFO] httpx: HTTP Request: GET https://newsapi.org/v2/everything?q=Novo%20Nordisk&from=2026-04-30T08%3A00%3A04%2B00%3A00&language=en&sortBy=publishedAt&pageSize=5&apiKey=e5c51acd76eb4f5eab049efdcb3810e0 "HTTP/1.1 200 OK"
2026-04-30 14:00:05,270 [INFO] httpx: HTTP Request: GET https://newsapi.org/v2/everything?q=Ferrari&from=2026-04-30T08%3A00%3A05%2B00%3A00&language=en&sortBy=publishedAt&pageSize=5&apiKey=e5c51acd76eb4f5eab049efdcb3810e0 "HTTP/1.1 200 OK"
2026-04-30 14:00:05,391 [INFO] httpx: HTTP Request: GET https://newsapi.org/v2/everything?q=LVMH&from=2026-04-30T08%3A00%3A05%2B00%3A00&language=en&sortBy=publishedAt&pageSize=5&apiKey=e5c51acd76eb4f5eab049efdcb3810e0 "HTTP/1.1 200 OK"
2026-04-30 14:00:05,392 [INFO] stock_news_check: News scan done — breaking signals: 0
2026-04-30 14:00:05,393 [INFO] stock_news_check: News-check run done: re-analyzed=0 alerts_sent=0
2026-04-30 18:00:03,074 [INFO] httpx: HTTP Request: GET https://newsapi.org/v2/everything?q=Apple&from=2026-04-30T12%3A00%3A02%2B00%3A00&language=en&sortBy=publishedAt&pageSize=5&apiKey=e5c51acd76eb4f5eab049efdcb3810e0 "HTTP/1.1 200 OK"
2026-04-30 18:00:03,502 [INFO] httpx: HTTP Request: GET https://newsapi.org/v2/everything?q=Microsoft&from=2026-04-30T12%3A00%3A03%2B00%3A00&language=en&sortBy=publishedAt&pageSize=5&apiKey=e5c51acd76eb4f5eab049efdcb3810e0 "HTTP/1.1 200 OK"
2026-04-30 18:00:04,060 [INFO] httpx: HTTP Request: GET https://newsapi.org/v2/everything?q=Alphabet%20%28Google%29&from=2026-04-30T12%3A00%3A03%2B00%3A00&language=en&sortBy=publishedAt&pageSize=5&apiKey=e5c51acd76eb4f5eab049efdcb3810e0 "HTTP/1.1 200 OK"
2026-04-30 18:00:04,619 [INFO] httpx: HTTP Request: GET https://newsapi.org/v2/everything?q=Amazon&from=2026-04-30T12%3A00%3A04%2B00%3A00&language=en&sortBy=publishedAt&pageSize=5&apiKey=e5c51acd76eb4f5eab049efdcb3810e0 "HTTP/1.1 200 OK"
2026-04-30 18:00:05,013 [INFO] httpx: HTTP Request: GET https://newsapi.org/v2/everything?q=Berkshire%20Hathaway&from=2026-04-30T12%3A00%3A04%2B00%3A00&language=en&sortBy=publishedAt&pageSize=5&apiKey=e5c51acd76eb4f5eab049efdcb3810e0 "HTTP/1.1 200 OK"
2026-04-30 18:00:05,301 [INFO] httpx: HTTP Request: GET https://newsapi.org/v2/everything?q=Coca-Cola&from=2026-04-30T12%3A00%3A05%2B00%3A00&language=en&sortBy=publishedAt&pageSize=5&apiKey=e5c51acd76eb4f5eab049efdcb3810e0 "HTTP/1.1 200 OK"
2026-04-30 18:00:05,509 [INFO] httpx: HTTP Request: GET https://newsapi.org/v2/everything?q=Johnson%20%26%20Johnson&from=2026-04-30T12%3A00%3A05%2B00%3A00&language=en&sortBy=publishedAt&pageSize=5&apiKey=e5c51acd76eb4f5eab049efdcb3810e0 "HTTP/1.1 200 OK"
2026-04-30 18:00:05,651 [INFO] httpx: HTTP Request: GET https://newsapi.org/v2/everything?q=Visa&from=2026-04-30T12%3A00%3A05%2B00%3A00&language=en&sortBy=publishedAt&pageSize=5&apiKey=e5c51acd76eb4f5eab049efdcb3810e0 "HTTP/1.1 200 OK"
2026-04-30 18:00:05,850 [INFO] httpx: HTTP Request: GET https://newsapi.org/v2/everything?q=Meta%20Platforms&from=2026-04-30T12%3A00%3A05%2B00%3A00&language=en&sortBy=publishedAt&pageSize=5&apiKey=e5c51acd76eb4f5eab049efdcb3810e0 "HTTP/1.1 200 OK"
2026-04-30 18:00:06,004 [INFO] httpx: HTTP Request: GET https://newsapi.org/v2/everything?q=Nvidia&from=2026-04-30T12%3A00%3A05%2B00%3A00&language=en&sortBy=publishedAt&pageSize=5&apiKey=e5c51acd76eb4f5eab049efdcb3810e0 "HTTP/1.1 200 OK"
2026-04-30 18:00:06,282 [INFO] httpx: HTTP Request: GET https://newsapi.org/v2/everything?q=ASML%20Holding&from=2026-04-30T12%3A00%3A06%2B00%3A00&language=en&sortBy=publishedAt&pageSize=5&apiKey=e5c51acd76eb4f5eab049efdcb3810e0 "HTTP/1.1 200 OK"
2026-04-30 18:00:06,403 [INFO] httpx: HTTP Request: GET https://newsapi.org/v2/everything?q=SAP&from=2026-04-30T12%3A00%3A06%2B00%3A00&language=en&sortBy=publishedAt&pageSize=5&apiKey=e5c51acd76eb4f5eab049efdcb3810e0 "HTTP/1.1 200 OK"
2026-04-30 18:00:06,566 [INFO] httpx: HTTP Request: GET https://newsapi.org/v2/everything?q=Novo%20Nordisk&from=2026-04-30T12%3A00%3A06%2B00%3A00&language=en&sortBy=publishedAt&pageSize=5&apiKey=e5c51acd76eb4f5eab049efdcb3810e0 "HTTP/1.1 200 OK"
2026-04-30 18:00:06,681 [INFO] httpx: HTTP Request: GET https://newsapi.org/v2/everything?q=Ferrari&from=2026-04-30T12%3A00%3A06%2B00%3A00&language=en&sortBy=publishedAt&pageSize=5&apiKey=e5c51acd76eb4f5eab049efdcb3810e0 "HTTP/1.1 200 OK"
2026-04-30 18:00:06,808 [INFO] httpx: HTTP Request: GET https://newsapi.org/v2/everything?q=LVMH&from=2026-04-30T12%3A00%3A06%2B00%3A00&language=en&sortBy=publishedAt&pageSize=5&apiKey=e5c51acd76eb4f5eab049efdcb3810e0 "HTTP/1.1 200 OK"
2026-04-30 18:00:06,810 [INFO] stock_news_check: News scan done — breaking signals: 0
2026-04-30 18:00:06,811 [INFO] stock_news_check: News-check run done: re-analyzed=0 alerts_sent=0
2026-05-01 10:00:03,065 [INFO] httpx: HTTP Request: GET https://newsapi.org/v2/everything?q=Apple&from=2026-05-01T04%3A00%3A02%2B00%3A00&language=en&sortBy=publishedAt&pageSize=5&apiKey=e5c51acd76eb4f5eab049efdcb3810e0 "HTTP/1.1 200 OK"
2026-05-01 10:00:03,282 [INFO] httpx: HTTP Request: GET https://newsapi.org/v2/everything?q=Microsoft&from=2026-05-01T04%3A00%3A03%2B00%3A00&language=en&sortBy=publishedAt&pageSize=5&apiKey=e5c51acd76eb4f5eab049efdcb3810e0 "HTTP/1.1 200 OK"
2026-05-01 10:00:03,408 [INFO] httpx: HTTP Request: GET https://newsapi.org/v2/everything?q=Alphabet%20%28Google%29&from=2026-05-01T04%3A00%3A03%2B00%3A00&language=en&sortBy=publishedAt&pageSize=5&apiKey=e5c51acd76eb4f5eab049efdcb3810e0 "HTTP/1.1 200 OK"
2026-05-01 10:00:03,564 [INFO] httpx: HTTP Request: GET https://newsapi.org/v2/everything?q=Amazon&from=2026-05-01T04%3A00%3A03%2B00%3A00&language=en&sortBy=publishedAt&pageSize=5&apiKey=e5c51acd76eb4f5eab049efdcb3810e0 "HTTP/1.1 200 OK"
2026-05-01 10:00:03,693 [INFO] httpx: HTTP Request: GET https://newsapi.org/v2/everything?q=Berkshire%20Hathaway&from=2026-05-01T04%3A00%3A03%2B00%3A00&language=en&sortBy=publishedAt&pageSize=5&apiKey=e5c51acd76eb4f5eab049efdcb3810e0 "HTTP/1.1 200 OK"
2026-05-01 10:00:03,903 [INFO] httpx: HTTP Request: GET https://newsapi.org/v2/everything?q=Coca-Cola&from=2026-05-01T04%3A00%3A03%2B00%3A00&language=en&sortBy=publishedAt&pageSize=5&apiKey=e5c51acd76eb4f5eab049efdcb3810e0 "HTTP/1.1 200 OK"
2026-05-01 10:00:04,323 [INFO] httpx: HTTP Request: GET https://newsapi.org/v2/everything?q=Johnson%20%26%20Johnson&from=2026-05-01T04%3A00%3A03%2B00%3A00&language=en&sortBy=publishedAt&pageSize=5&apiKey=e5c51acd76eb4f5eab049efdcb3810e0 "HTTP/1.1 200 OK"
2026-05-01 10:00:04,735 [INFO] httpx: HTTP Request: GET https://newsapi.org/v2/everything?q=Visa&from=2026-05-01T04%3A00%3A04%2B00%3A00&language=en&sortBy=publishedAt&pageSize=5&apiKey=e5c51acd76eb4f5eab049efdcb3810e0 "HTTP/1.1 200 OK"
2026-05-01 10:00:04,866 [INFO] httpx: HTTP Request: GET https://newsapi.org/v2/everything?q=Meta%20Platforms&from=2026-05-01T04%3A00%3A04%2B00%3A00&language=en&sortBy=publishedAt&pageSize=5&apiKey=e5c51acd76eb4f5eab049efdcb3810e0 "HTTP/1.1 200 OK"
2026-05-01 10:00:04,977 [INFO] httpx: HTTP Request: GET https://newsapi.org/v2/everything?q=Nvidia&from=2026-05-01T04%3A00%3A04%2B00%3A00&language=en&sortBy=publishedAt&pageSize=5&apiKey=e5c51acd76eb4f5eab049efdcb3810e0 "HTTP/1.1 200 OK"
2026-05-01 10:00:05,089 [INFO] httpx: HTTP Request: GET https://newsapi.org/v2/everything?q=ASML%20Holding&from=2026-05-01T04%3A00%3A04%2B00%3A00&language=en&sortBy=publishedAt&pageSize=5&apiKey=e5c51acd76eb4f5eab049efdcb3810e0 "HTTP/1.1 200 OK"
2026-05-01 10:00:05,223 [INFO] httpx: HTTP Request: GET https://newsapi.org/v2/everything?q=SAP&from=2026-05-01T04%3A00%3A05%2B00%3A00&language=en&sortBy=publishedAt&pageSize=5&apiKey=e5c51acd76eb4f5eab049efdcb3810e0 "HTTP/1.1 200 OK"
2026-05-01 10:00:05,389 [INFO] httpx: HTTP Request: GET https://newsapi.org/v2/everything?q=Novo%20Nordisk&from=2026-05-01T04%3A00%3A05%2B00%3A00&language=en&sortBy=publishedAt&pageSize=5&apiKey=e5c51acd76eb4f5eab049efdcb3810e0 "HTTP/1.1 200 OK"
2026-05-01 10:00:05,506 [INFO] httpx: HTTP Request: GET https://newsapi.org/v2/everything?q=Ferrari&from=2026-05-01T04%3A00%3A05%2B00%3A00&language=en&sortBy=publishedAt&pageSize=5&apiKey=e5c51acd76eb4f5eab049efdcb3810e0 "HTTP/1.1 200 OK"
2026-05-01 10:00:05,617 [INFO] httpx: HTTP Request: GET https://newsapi.org/v2/everything?q=LVMH&from=2026-05-01T04%3A00%3A05%2B00%3A00&language=en&sortBy=publishedAt&pageSize=5&apiKey=e5c51acd76eb4f5eab049efdcb3810e0 "HTTP/1.1 200 OK"
2026-05-01 10:00:05,618 [INFO] stock_news_check: News scan done — breaking signals: 0
2026-05-01 10:00:05,618 [INFO] stock_news_check: News-check run done: re-analyzed=0 alerts_sent=0
2026-05-01 14:00:03,139 [INFO] httpx: HTTP Request: GET https://newsapi.org/v2/everything?q=Apple&from=2026-05-01T08%3A00%3A02%2B00%3A00&language=en&sortBy=publishedAt&pageSize=5&apiKey=e5c51acd76eb4f5eab049efdcb3810e0 "HTTP/1.1 200 OK"
2026-05-01 14:00:03,262 [INFO] httpx: HTTP Request: GET https://newsapi.org/v2/everything?q=Microsoft&from=2026-05-01T08%3A00%3A03%2B00%3A00&language=en&sortBy=publishedAt&pageSize=5&apiKey=e5c51acd76eb4f5eab049efdcb3810e0 "HTTP/1.1 200 OK"
2026-05-01 14:00:03,408 [INFO] httpx: HTTP Request: GET https://newsapi.org/v2/everything?q=Alphabet%20%28Google%29&from=2026-05-01T08%3A00%3A03%2B00%3A00&language=en&sortBy=publishedAt&pageSize=5&apiKey=e5c51acd76eb4f5eab049efdcb3810e0 "HTTP/1.1 200 OK"
2026-05-01 14:00:03,535 [INFO] httpx: HTTP Request: GET https://newsapi.org/v2/everything?q=Amazon&from=2026-05-01T08%3A00%3A03%2B00%3A00&language=en&sortBy=publishedAt&pageSize=5&apiKey=e5c51acd76eb4f5eab049efdcb3810e0 "HTTP/1.1 200 OK"
2026-05-01 14:00:03,664 [INFO] httpx: HTTP Request: GET https://newsapi.org/v2/everything?q=Berkshire%20Hathaway&from=2026-05-01T08%3A00%3A03%2B00%3A00&language=en&sortBy=publishedAt&pageSize=5&apiKey=e5c51acd76eb4f5eab049efdcb3810e0 "HTTP/1.1 200 OK"
2026-05-01 14:00:03,804 [INFO] httpx: HTTP Request: GET https://newsapi.org/v2/everything?q=Coca-Cola&from=2026-05-01T08%3A00%3A03%2B00%3A00&language=en&sortBy=publishedAt&pageSize=5&apiKey=e5c51acd76eb4f5eab049efdcb3810e0 "HTTP/1.1 200 OK"
2026-05-01 14:00:04,007 [INFO] httpx: HTTP Request: GET https://newsapi.org/v2/everything?q=Johnson%20%26%20Johnson&from=2026-05-01T08%3A00%3A03%2B00%3A00&language=en&sortBy=publishedAt&pageSize=5&apiKey=e5c51acd76eb4f5eab049efdcb3810e0 "HTTP/1.1 200 OK"
2026-05-01 14:00:04,141 [INFO] httpx: HTTP Request: GET https://newsapi.org/v2/everything?q=Visa&from=2026-05-01T08%3A00%3A04%2B00%3A00&language=en&sortBy=publishedAt&pageSize=5&apiKey=e5c51acd76eb4f5eab049efdcb3810e0 "HTTP/1.1 200 OK"
2026-05-01 14:00:04,266 [INFO] httpx: HTTP Request: GET https://newsapi.org/v2/everything?q=Meta%20Platforms&from=2026-05-01T08%3A00%3A04%2B00%3A00&language=en&sortBy=publishedAt&pageSize=5&apiKey=e5c51acd76eb4f5eab049efdcb3810e0 "HTTP/1.1 200 OK"
2026-05-01 14:00:04,392 [INFO] httpx: HTTP Request: GET https://newsapi.org/v2/everything?q=Nvidia&from=2026-05-01T08%3A00%3A04%2B00%3A00&language=en&sortBy=publishedAt&pageSize=5&apiKey=e5c51acd76eb4f5eab049efdcb3810e0 "HTTP/1.1 200 OK"
2026-05-01 14:00:04,555 [INFO] httpx: HTTP Request: GET https://newsapi.org/v2/everything?q=ASML%20Holding&from=2026-05-01T08%3A00%3A04%2B00%3A00&language=en&sortBy=publishedAt&pageSize=5&apiKey=e5c51acd76eb4f5eab049efdcb3810e0 "HTTP/1.1 200 OK"
2026-05-01 14:00:04,668 [INFO] httpx: HTTP Request: GET https://newsapi.org/v2/everything?q=SAP&from=2026-05-01T08%3A00%3A04%2B00%3A00&language=en&sortBy=publishedAt&pageSize=5&apiKey=e5c51acd76eb4f5eab049efdcb3810e0 "HTTP/1.1 200 OK"
2026-05-01 14:00:04,796 [INFO] httpx: HTTP Request: GET https://newsapi.org/v2/everything?q=Novo%20Nordisk&from=2026-05-01T08%3A00%3A04%2B00%3A00&language=en&sortBy=publishedAt&pageSize=5&apiKey=e5c51acd76eb4f5eab049efdcb3810e0 "HTTP/1.1 200 OK"
2026-05-01 14:00:04,911 [INFO] httpx: HTTP Request: GET https://newsapi.org/v2/everything?q=Ferrari&from=2026-05-01T08%3A00%3A04%2B00%3A00&language=en&sortBy=publishedAt&pageSize=5&apiKey=e5c51acd76eb4f5eab049efdcb3810e0 "HTTP/1.1 200 OK"
2026-05-01 14:00:05,034 [INFO] httpx: HTTP Request: GET https://newsapi.org/v2/everything?q=LVMH&from=2026-05-01T08%3A00%3A04%2B00%3A00&language=en&sortBy=publishedAt&pageSize=5&apiKey=e5c51acd76eb4f5eab049efdcb3810e0 "HTTP/1.1 200 OK"
2026-05-01 14:00:05,036 [INFO] stock_news_check: News scan done — breaking signals: 0
2026-05-01 14:00:05,036 [INFO] stock_news_check: News-check run done: re-analyzed=0 alerts_sent=0
2026-05-01 18:00:03,886 [INFO] httpx: HTTP Request: GET https://newsapi.org/v2/everything?q=Apple&from=2026-05-01T12%3A00%3A03%2B00%3A00&language=en&sortBy=publishedAt&pageSize=5&apiKey=e5c51acd76eb4f5eab049efdcb3810e0 "HTTP/1.1 200 OK"
2026-05-01 18:00:04,010 [INFO] httpx: HTTP Request: GET https://newsapi.org/v2/everything?q=Microsoft&from=2026-05-01T12%3A00%3A03%2B00%3A00&language=en&sortBy=publishedAt&pageSize=5&apiKey=e5c51acd76eb4f5eab049efdcb3810e0 "HTTP/1.1 200 OK"
2026-05-01 18:00:04,131 [INFO] httpx: HTTP Request: GET https://newsapi.org/v2/everything?q=Alphabet%20%28Google%29&from=2026-05-01T12%3A00%3A04%2B00%3A00&language=en&sortBy=publishedAt&pageSize=5&apiKey=e5c51acd76eb4f5eab049efdcb3810e0 "HTTP/1.1 200 OK"
2026-05-01 18:00:04,254 [INFO] httpx: HTTP Request: GET https://newsapi.org/v2/everything?q=Amazon&from=2026-05-01T12%3A00%3A04%2B00%3A00&language=en&sortBy=publishedAt&pageSize=5&apiKey=e5c51acd76eb4f5eab049efdcb3810e0 "HTTP/1.1 200 OK"
2026-05-01 18:00:04,422 [INFO] httpx: HTTP Request: GET https://newsapi.org/v2/everything?q=Berkshire%20Hathaway&from=2026-05-01T12%3A00%3A04%2B00%3A00&language=en&sortBy=publishedAt&pageSize=5&apiKey=e5c51acd76eb4f5eab049efdcb3810e0 "HTTP/1.1 200 OK"
2026-05-01 18:00:04,584 [INFO] httpx: HTTP Request: GET https://newsapi.org/v2/everything?q=Coca-Cola&from=2026-05-01T12%3A00%3A04%2B00%3A00&language=en&sortBy=publishedAt&pageSize=5&apiKey=e5c51acd76eb4f5eab049efdcb3810e0 "HTTP/1.1 200 OK"
2026-05-01 18:00:04,731 [INFO] httpx: HTTP Request: GET https://newsapi.org/v2/everything?q=Johnson%20%26%20Johnson&from=2026-05-01T12%3A00%3A04%2B00%3A00&language=en&sortBy=publishedAt&pageSize=5&apiKey=e5c51acd76eb4f5eab049efdcb3810e0 "HTTP/1.1 200 OK"
2026-05-01 18:00:04,904 [INFO] httpx: HTTP Request: GET https://newsapi.org/v2/everything?q=Visa&from=2026-05-01T12%3A00%3A04%2B00%3A00&language=en&sortBy=publishedAt&pageSize=5&apiKey=e5c51acd76eb4f5eab049efdcb3810e0 "HTTP/1.1 200 OK"
2026-05-01 18:00:05,051 [INFO] httpx: HTTP Request: GET https://newsapi.org/v2/everything?q=Meta%20Platforms&from=2026-05-01T12%3A00%3A04%2B00%3A00&language=en&sortBy=publishedAt&pageSize=5&apiKey=e5c51acd76eb4f5eab049efdcb3810e0 "HTTP/1.1 200 OK"
2026-05-01 18:00:05,172 [INFO] httpx: HTTP Request: GET https://newsapi.org/v2/everything?q=Nvidia&from=2026-05-01T12%3A00%3A05%2B00%3A00&language=en&sortBy=publishedAt&pageSize=5&apiKey=e5c51acd76eb4f5eab049efdcb3810e0 "HTTP/1.1 200 OK"
2026-05-01 18:00:05,318 [INFO] httpx: HTTP Request: GET https://newsapi.org/v2/everything?q=ASML%20Holding&from=2026-05-01T12%3A00%3A05%2B00%3A00&language=en&sortBy=publishedAt&pageSize=5&apiKey=e5c51acd76eb4f5eab049efdcb3810e0 "HTTP/1.1 200 OK"
2026-05-01 18:00:05,438 [INFO] httpx: HTTP Request: GET https://newsapi.org/v2/everything?q=SAP&from=2026-05-01T12%3A00%3A05%2B00%3A00&language=en&sortBy=publishedAt&pageSize=5&apiKey=e5c51acd76eb4f5eab049efdcb3810e0 "HTTP/1.1 200 OK"
2026-05-01 18:00:05,583 [INFO] httpx: HTTP Request: GET https://newsapi.org/v2/everything?q=Novo%20Nordisk&from=2026-05-01T12%3A00%3A05%2B00%3A00&language=en&sortBy=publishedAt&pageSize=5&apiKey=e5c51acd76eb4f5eab049efdcb3810e0 "HTTP/1.1 200 OK"
2026-05-01 18:00:05,698 [INFO] httpx: HTTP Request: GET https://newsapi.org/v2/everything?q=Ferrari&from=2026-05-01T12%3A00%3A05%2B00%3A00&language=en&sortBy=publishedAt&pageSize=5&apiKey=e5c51acd76eb4f5eab049efdcb3810e0 "HTTP/1.1 200 OK"
2026-05-01 18:00:05,824 [INFO] httpx: HTTP Request: GET https://newsapi.org/v2/everything?q=LVMH&from=2026-05-01T12%3A00%3A05%2B00%3A00&language=en&sortBy=publishedAt&pageSize=5&apiKey=e5c51acd76eb4f5eab049efdcb3810e0 "HTTP/1.1 200 OK"
2026-05-01 18:00:05,827 [INFO] stock_news_check: News scan done — breaking signals: 0
2026-05-01 18:00:05,827 [INFO] stock_news_check: News-check run done: re-analyzed=0 alerts_sent=0
2026-05-04 10:00:03,370 [INFO] httpx: HTTP Request: GET https://newsapi.org/v2/everything?q=Apple&from=2026-05-04T04%3A00%3A02%2B00%3A00&language=en&sortBy=publishedAt&pageSize=5&apiKey=e5c51acd76eb4f5eab049efdcb3810e0 "HTTP/1.1 200 OK"
2026-05-04 10:00:03,908 [INFO] httpx: HTTP Request: GET https://newsapi.org/v2/everything?q=Microsoft&from=2026-05-04T04%3A00%3A03%2B00%3A00&language=en&sortBy=publishedAt&pageSize=5&apiKey=e5c51acd76eb4f5eab049efdcb3810e0 "HTTP/1.1 200 OK"
2026-05-04 10:00:04,125 [INFO] httpx: HTTP Request: GET https://newsapi.org/v2/everything?q=Alphabet%20%28Google%29&from=2026-05-04T04%3A00%3A03%2B00%3A00&language=en&sortBy=publishedAt&pageSize=5&apiKey=e5c51acd76eb4f5eab049efdcb3810e0 "HTTP/1.1 200 OK"
2026-05-04 10:00:04,297 [INFO] httpx: HTTP Request: GET https://newsapi.org/v2/everything?q=Amazon&from=2026-05-04T04%3A00%3A04%2B00%3A00&language=en&sortBy=publishedAt&pageSize=5&apiKey=e5c51acd76eb4f5eab049efdcb3810e0 "HTTP/1.1 200 OK"
2026-05-04 10:00:04,510 [INFO] httpx: HTTP Request: GET https://newsapi.org/v2/everything?q=Berkshire%20Hathaway&from=2026-05-04T04%3A00%3A04%2B00%3A00&language=en&sortBy=publishedAt&pageSize=5&apiKey=e5c51acd76eb4f5eab049efdcb3810e0 "HTTP/1.1 200 OK"
2026-05-04 10:00:04,764 [INFO] httpx: HTTP Request: GET https://newsapi.org/v2/everything?q=Coca-Cola&from=2026-05-04T04%3A00%3A04%2B00%3A00&language=en&sortBy=publishedAt&pageSize=5&apiKey=e5c51acd76eb4f5eab049efdcb3810e0 "HTTP/1.1 200 OK"
2026-05-04 10:00:05,011 [INFO] httpx: HTTP Request: GET https://newsapi.org/v2/everything?q=Johnson%20%26%20Johnson&from=2026-05-04T04%3A00%3A04%2B00%3A00&language=en&sortBy=publishedAt&pageSize=5&apiKey=e5c51acd76eb4f5eab049efdcb3810e0 "HTTP/1.1 200 OK"
2026-05-04 10:00:05,145 [INFO] httpx: HTTP Request: GET https://newsapi.org/v2/everything?q=Visa&from=2026-05-04T04%3A00%3A05%2B00%3A00&language=en&sortBy=publishedAt&pageSize=5&apiKey=e5c51acd76eb4f5eab049efdcb3810e0 "HTTP/1.1 200 OK"
2026-05-04 10:00:05,291 [INFO] httpx: HTTP Request: GET https://newsapi.org/v2/everything?q=Meta%20Platforms&from=2026-05-04T04%3A00%3A05%2B00%3A00&language=en&sortBy=publishedAt&pageSize=5&apiKey=e5c51acd76eb4f5eab049efdcb3810e0 "HTTP/1.1 200 OK"
2026-05-04 10:00:05,461 [INFO] httpx: HTTP Request: GET https://newsapi.org/v2/everything?q=Nvidia&from=2026-05-04T04%3A00%3A05%2B00%3A00&language=en&sortBy=publishedAt&pageSize=5&apiKey=e5c51acd76eb4f5eab049efdcb3810e0 "HTTP/1.1 200 OK"
2026-05-04 10:00:05,591 [INFO] httpx: HTTP Request: GET https://newsapi.org/v2/everything?q=ASML%20Holding&from=2026-05-04T04%3A00%3A05%2B00%3A00&language=en&sortBy=publishedAt&pageSize=5&apiKey=e5c51acd76eb4f5eab049efdcb3810e0 "HTTP/1.1 200 OK"
2026-05-04 10:00:05,718 [INFO] httpx: HTTP Request: GET https://newsapi.org/v2/everything?q=SAP&from=2026-05-04T04%3A00%3A05%2B00%3A00&language=en&sortBy=publishedAt&pageSize=5&apiKey=e5c51acd76eb4f5eab049efdcb3810e0 "HTTP/1.1 200 OK"
2026-05-04 10:00:05,857 [INFO] httpx: HTTP Request: GET https://newsapi.org/v2/everything?q=Novo%20Nordisk&from=2026-05-04T04%3A00%3A05%2B00%3A00&language=en&sortBy=publishedAt&pageSize=5&apiKey=e5c51acd76eb4f5eab049efdcb3810e0 "HTTP/1.1 200 OK"
2026-05-04 10:00:06,041 [INFO] httpx: HTTP Request: GET https://newsapi.org/v2/everything?q=Ferrari&from=2026-05-04T04%3A00%3A05%2B00%3A00&language=en&sortBy=publishedAt&pageSize=5&apiKey=e5c51acd76eb4f5eab049efdcb3810e0 "HTTP/1.1 200 OK"
2026-05-04 10:00:06,225 [INFO] httpx: HTTP Request: GET https://newsapi.org/v2/everything?q=LVMH&from=2026-05-04T04%3A00%3A06%2B00%3A00&language=en&sortBy=publishedAt&pageSize=5&apiKey=e5c51acd76eb4f5eab049efdcb3810e0 "HTTP/1.1 200 OK"
2026-05-04 10:00:06,226 [INFO] stock_news_check: News scan done — breaking signals: 0
2026-05-04 10:00:06,227 [INFO] stock_news_check: News-check run done: re-analyzed=0 alerts_sent=0
2026-05-04 14:00:03,917 [INFO] httpx: HTTP Request: GET https://newsapi.org/v2/everything?q=Apple&from=2026-05-04T08%3A00%3A03%2B00%3A00&language=en&sortBy=publishedAt&pageSize=5&apiKey=e5c51acd76eb4f5eab049efdcb3810e0 "HTTP/1.1 200 OK"
2026-05-04 14:00:04,401 [INFO] httpx: HTTP Request: GET https://newsapi.org/v2/everything?q=Microsoft&from=2026-05-04T08%3A00%3A03%2B00%3A00&language=en&sortBy=publishedAt&pageSize=5&apiKey=e5c51acd76eb4f5eab049efdcb3810e0 "HTTP/1.1 200 OK"
2026-05-04 14:00:04,717 [INFO] httpx: HTTP Request: GET https://newsapi.org/v2/everything?q=Alphabet%20%28Google%29&from=2026-05-04T08%3A00%3A04%2B00%3A00&language=en&sortBy=publishedAt&pageSize=5&apiKey=e5c51acd76eb4f5eab049efdcb3810e0 "HTTP/1.1 200 OK"
2026-05-04 14:00:04,909 [INFO] httpx: HTTP Request: GET https://newsapi.org/v2/everything?q=Amazon&from=2026-05-04T08%3A00%3A04%2B00%3A00&language=en&sortBy=publishedAt&pageSize=5&apiKey=e5c51acd76eb4f5eab049efdcb3810e0 "HTTP/1.1 200 OK"
2026-05-04 14:00:05,172 [INFO] httpx: HTTP Request: GET https://newsapi.org/v2/everything?q=Berkshire%20Hathaway&from=2026-05-04T08%3A00%3A04%2B00%3A00&language=en&sortBy=publishedAt&pageSize=5&apiKey=e5c51acd76eb4f5eab049efdcb3810e0 "HTTP/1.1 200 OK"
2026-05-04 14:00:05,454 [INFO] httpx: HTTP Request: GET https://newsapi.org/v2/everything?q=Coca-Cola&from=2026-05-04T08%3A00%3A05%2B00%3A00&language=en&sortBy=publishedAt&pageSize=5&apiKey=e5c51acd76eb4f5eab049efdcb3810e0 "HTTP/1.1 200 OK"
2026-05-04 14:00:05,641 [INFO] httpx: HTTP Request: GET https://newsapi.org/v2/everything?q=Johnson%20%26%20Johnson&from=2026-05-04T08%3A00%3A05%2B00%3A00&language=en&sortBy=publishedAt&pageSize=5&apiKey=e5c51acd76eb4f5eab049efdcb3810e0 "HTTP/1.1 200 OK"
2026-05-04 14:00:05,889 [INFO] httpx: HTTP Request: GET https://newsapi.org/v2/everything?q=Visa&from=2026-05-04T08%3A00%3A05%2B00%3A00&language=en&sortBy=publishedAt&pageSize=5&apiKey=e5c51acd76eb4f5eab049efdcb3810e0 "HTTP/1.1 200 OK"
2026-05-04 14:00:06,125 [INFO] httpx: HTTP Request: GET https://newsapi.org/v2/everything?q=Meta%20Platforms&from=2026-05-04T08%3A00%3A05%2B00%3A00&language=en&sortBy=publishedAt&pageSize=5&apiKey=e5c51acd76eb4f5eab049efdcb3810e0 "HTTP/1.1 200 OK"
2026-05-04 14:00:06,290 [INFO] httpx: HTTP Request: GET https://newsapi.org/v2/everything?q=Nvidia&from=2026-05-04T08%3A00%3A06%2B00%3A00&language=en&sortBy=publishedAt&pageSize=5&apiKey=e5c51acd76eb4f5eab049efdcb3810e0 "HTTP/1.1 200 OK"
2026-05-04 14:00:06,403 [INFO] httpx: HTTP Request: GET https://newsapi.org/v2/everything?q=ASML%20Holding&from=2026-05-04T08%3A00%3A06%2B00%3A00&language=en&sortBy=publishedAt&pageSize=5&apiKey=e5c51acd76eb4f5eab049efdcb3810e0 "HTTP/1.1 200 OK"
2026-05-04 14:00:06,577 [INFO] httpx: HTTP Request: GET https://newsapi.org/v2/everything?q=SAP&from=2026-05-04T08%3A00%3A06%2B00%3A00&language=en&sortBy=publishedAt&pageSize=5&apiKey=e5c51acd76eb4f5eab049efdcb3810e0 "HTTP/1.1 200 OK"
2026-05-04 14:00:06,698 [INFO] httpx: HTTP Request: GET https://newsapi.org/v2/everything?q=Novo%20Nordisk&from=2026-05-04T08%3A00%3A06%2B00%3A00&language=en&sortBy=publishedAt&pageSize=5&apiKey=e5c51acd76eb4f5eab049efdcb3810e0 "HTTP/1.1 200 OK"
2026-05-04 14:00:06,904 [INFO] httpx: HTTP Request: GET https://newsapi.org/v2/everything?q=Ferrari&from=2026-05-04T08%3A00%3A06%2B00%3A00&language=en&sortBy=publishedAt&pageSize=5&apiKey=e5c51acd76eb4f5eab049efdcb3810e0 "HTTP/1.1 200 OK"
2026-05-04 14:00:07,070 [INFO] httpx: HTTP Request: GET https://newsapi.org/v2/everything?q=LVMH&from=2026-05-04T08%3A00%3A06%2B00%3A00&language=en&sortBy=publishedAt&pageSize=5&apiKey=e5c51acd76eb4f5eab049efdcb3810e0 "HTTP/1.1 200 OK"
2026-05-04 14:00:07,073 [INFO] stock_news_check: News scan done — breaking signals: 0
2026-05-04 14:00:07,073 [INFO] stock_news_check: News-check run done: re-analyzed=0 alerts_sent=0
2026-05-04 18:00:03,299 [INFO] httpx: HTTP Request: GET https://newsapi.org/v2/everything?q=Apple&from=2026-05-04T12%3A00%3A02%2B00%3A00&language=en&sortBy=publishedAt&pageSize=5&apiKey=e5c51acd76eb4f5eab049efdcb3810e0 "HTTP/1.1 200 OK"
2026-05-04 18:00:03,887 [INFO] httpx: HTTP Request: GET https://newsapi.org/v2/everything?q=Microsoft&from=2026-05-04T12%3A00%3A03%2B00%3A00&language=en&sortBy=publishedAt&pageSize=5&apiKey=e5c51acd76eb4f5eab049efdcb3810e0 "HTTP/1.1 200 OK"
2026-05-04 18:00:04,201 [INFO] httpx: HTTP Request: GET https://newsapi.org/v2/everything?q=Alphabet%20%28Google%29&from=2026-05-04T12%3A00%3A03%2B00%3A00&language=en&sortBy=publishedAt&pageSize=5&apiKey=e5c51acd76eb4f5eab049efdcb3810e0 "HTTP/1.1 200 OK"
2026-05-04 18:00:04,915 [INFO] httpx: HTTP Request: GET https://newsapi.org/v2/everything?q=Amazon&from=2026-05-04T12%3A00%3A04%2B00%3A00&language=en&sortBy=publishedAt&pageSize=5&apiKey=e5c51acd76eb4f5eab049efdcb3810e0 "HTTP/1.1 200 OK"
2026-05-04 18:00:05,139 [INFO] httpx: HTTP Request: GET https://newsapi.org/v2/everything?q=Berkshire%20Hathaway&from=2026-05-04T12%3A00%3A04%2B00%3A00&language=en&sortBy=publishedAt&pageSize=5&apiKey=e5c51acd76eb4f5eab049efdcb3810e0 "HTTP/1.1 200 OK"
2026-05-04 18:00:05,354 [INFO] httpx: HTTP Request: GET https://newsapi.org/v2/everything?q=Coca-Cola&from=2026-05-04T12%3A00%3A05%2B00%3A00&language=en&sortBy=publishedAt&pageSize=5&apiKey=e5c51acd76eb4f5eab049efdcb3810e0 "HTTP/1.1 200 OK"
2026-05-04 18:00:05,822 [INFO] httpx: HTTP Request: GET https://newsapi.org/v2/everything?q=Johnson%20%26%20Johnson&from=2026-05-04T12%3A00%3A05%2B00%3A00&language=en&sortBy=publishedAt&pageSize=5&apiKey=e5c51acd76eb4f5eab049efdcb3810e0 "HTTP/1.1 200 OK"
2026-05-04 18:00:06,013 [INFO] httpx: HTTP Request: GET https://newsapi.org/v2/everything?q=Visa&from=2026-05-04T12%3A00%3A05%2B00%3A00&language=en&sortBy=publishedAt&pageSize=5&apiKey=e5c51acd76eb4f5eab049efdcb3810e0 "HTTP/1.1 200 OK"
2026-05-04 18:00:06,152 [INFO] httpx: HTTP Request: GET https://newsapi.org/v2/everything?q=Meta%20Platforms&from=2026-05-04T12%3A00%3A06%2B00%3A00&language=en&sortBy=publishedAt&pageSize=5&apiKey=e5c51acd76eb4f5eab049efdcb3810e0 "HTTP/1.1 200 OK"
2026-05-04 18:00:06,303 [INFO] httpx: HTTP Request: GET https://newsapi.org/v2/everything?q=Nvidia&from=2026-05-04T12%3A00%3A06%2B00%3A00&language=en&sortBy=publishedAt&pageSize=5&apiKey=e5c51acd76eb4f5eab049efdcb3810e0 "HTTP/1.1 200 OK"
2026-05-04 18:00:06,429 [INFO] httpx: HTTP Request: GET https://newsapi.org/v2/everything?q=ASML%20Holding&from=2026-05-04T12%3A00%3A06%2B00%3A00&language=en&sortBy=publishedAt&pageSize=5&apiKey=e5c51acd76eb4f5eab049efdcb3810e0 "HTTP/1.1 200 OK"
2026-05-04 18:00:06,595 [INFO] httpx: HTTP Request: GET https://newsapi.org/v2/everything?q=SAP&from=2026-05-04T12%3A00%3A06%2B00%3A00&language=en&sortBy=publishedAt&pageSize=5&apiKey=e5c51acd76eb4f5eab049efdcb3810e0 "HTTP/1.1 200 OK"
2026-05-04 18:00:06,753 [INFO] httpx: HTTP Request: GET https://newsapi.org/v2/everything?q=Novo%20Nordisk&from=2026-05-04T12%3A00%3A06%2B00%3A00&language=en&sortBy=publishedAt&pageSize=5&apiKey=e5c51acd76eb4f5eab049efdcb3810e0 "HTTP/1.1 200 OK"
2026-05-04 18:00:06,877 [INFO] httpx: HTTP Request: GET https://newsapi.org/v2/everything?q=Ferrari&from=2026-05-04T12%3A00%3A06%2B00%3A00&language=en&sortBy=publishedAt&pageSize=5&apiKey=e5c51acd76eb4f5eab049efdcb3810e0 "HTTP/1.1 200 OK"
2026-05-04 18:00:07,024 [INFO] httpx: HTTP Request: GET https://newsapi.org/v2/everything?q=LVMH&from=2026-05-04T12%3A00%3A06%2B00%3A00&language=en&sortBy=publishedAt&pageSize=5&apiKey=e5c51acd76eb4f5eab049efdcb3810e0 "HTTP/1.1 200 OK"
2026-05-04 18:00:07,025 [INFO] stock_news_check: News scan done — breaking signals: 0
2026-05-04 18:00:07,026 [INFO] stock_news_check: News-check run done: re-analyzed=0 alerts_sent=0
2026-05-05 10:00:03,333 [INFO] httpx: HTTP Request: GET https://newsapi.org/v2/everything?q=Apple&from=2026-05-05T04%3A00%3A03%2B00%3A00&language=en&sortBy=publishedAt&pageSize=5&apiKey=e5c51acd76eb4f5eab049efdcb3810e0 "HTTP/1.1 200 OK"
2026-05-05 10:00:03,560 [INFO] httpx: HTTP Request: GET https://newsapi.org/v2/everything?q=Microsoft&from=2026-05-05T04%3A00%3A03%2B00%3A00&language=en&sortBy=publishedAt&pageSize=5&apiKey=e5c51acd76eb4f5eab049efdcb3810e0 "HTTP/1.1 200 OK"
2026-05-05 10:00:03,809 [INFO] httpx: HTTP Request: GET https://newsapi.org/v2/everything?q=Alphabet%20%28Google%29&from=2026-05-05T04%3A00%3A03%2B00%3A00&language=en&sortBy=publishedAt&pageSize=5&apiKey=e5c51acd76eb4f5eab049efdcb3810e0 "HTTP/1.1 200 OK"
2026-05-05 10:00:03,938 [INFO] httpx: HTTP Request: GET https://newsapi.org/v2/everything?q=Amazon&from=2026-05-05T04%3A00%3A03%2B00%3A00&language=en&sortBy=publishedAt&pageSize=5&apiKey=e5c51acd76eb4f5eab049efdcb3810e0 "HTTP/1.1 200 OK"
2026-05-05 10:00:04,060 [INFO] httpx: HTTP Request: GET https://newsapi.org/v2/everything?q=Berkshire%20Hathaway&from=2026-05-05T04%3A00%3A03%2B00%3A00&language=en&sortBy=publishedAt&pageSize=5&apiKey=e5c51acd76eb4f5eab049efdcb3810e0 "HTTP/1.1 200 OK"
2026-05-05 10:00:04,250 [INFO] httpx: HTTP Request: GET https://newsapi.org/v2/everything?q=Coca-Cola&from=2026-05-05T04%3A00%3A04%2B00%3A00&language=en&sortBy=publishedAt&pageSize=5&apiKey=e5c51acd76eb4f5eab049efdcb3810e0 "HTTP/1.1 200 OK"
2026-05-05 10:00:04,517 [INFO] httpx: HTTP Request: GET https://newsapi.org/v2/everything?q=Johnson%20%26%20Johnson&from=2026-05-05T04%3A00%3A04%2B00%3A00&language=en&sortBy=publishedAt&pageSize=5&apiKey=e5c51acd76eb4f5eab049efdcb3810e0 "HTTP/1.1 200 OK"
2026-05-05 10:00:04,634 [INFO] httpx: HTTP Request: GET https://newsapi.org/v2/everything?q=Visa&from=2026-05-05T04%3A00%3A04%2B00%3A00&language=en&sortBy=publishedAt&pageSize=5&apiKey=e5c51acd76eb4f5eab049efdcb3810e0 "HTTP/1.1 200 OK"
2026-05-05 10:00:04,849 [INFO] httpx: HTTP Request: GET https://newsapi.org/v2/everything?q=Meta%20Platforms&from=2026-05-05T04%3A00%3A04%2B00%3A00&language=en&sortBy=publishedAt&pageSize=5&apiKey=e5c51acd76eb4f5eab049efdcb3810e0 "HTTP/1.1 200 OK"
2026-05-05 10:00:04,999 [INFO] httpx: HTTP Request: GET https://newsapi.org/v2/everything?q=Nvidia&from=2026-05-05T04%3A00%3A04%2B00%3A00&language=en&sortBy=publishedAt&pageSize=5&apiKey=e5c51acd76eb4f5eab049efdcb3810e0 "HTTP/1.1 200 OK"
2026-05-05 10:00:05,118 [INFO] httpx: HTTP Request: GET https://newsapi.org/v2/everything?q=ASML%20Holding&from=2026-05-05T04%3A00%3A05%2B00%3A00&language=en&sortBy=publishedAt&pageSize=5&apiKey=e5c51acd76eb4f5eab049efdcb3810e0 "HTTP/1.1 200 OK"
2026-05-05 10:00:05,250 [INFO] httpx: HTTP Request: GET https://newsapi.org/v2/everything?q=SAP&from=2026-05-05T04%3A00%3A05%2B00%3A00&language=en&sortBy=publishedAt&pageSize=5&apiKey=e5c51acd76eb4f5eab049efdcb3810e0 "HTTP/1.1 200 OK"
2026-05-05 10:00:05,370 [INFO] httpx: HTTP Request: GET https://newsapi.org/v2/everything?q=Novo%20Nordisk&from=2026-05-05T04%3A00%3A05%2B00%3A00&language=en&sortBy=publishedAt&pageSize=5&apiKey=e5c51acd76eb4f5eab049efdcb3810e0 "HTTP/1.1 200 OK"
2026-05-05 10:00:05,484 [INFO] httpx: HTTP Request: GET https://newsapi.org/v2/everything?q=Ferrari&from=2026-05-05T04%3A00%3A05%2B00%3A00&language=en&sortBy=publishedAt&pageSize=5&apiKey=e5c51acd76eb4f5eab049efdcb3810e0 "HTTP/1.1 200 OK"
2026-05-05 10:00:05,603 [INFO] httpx: HTTP Request: GET https://newsapi.org/v2/everything?q=LVMH&from=2026-05-05T04%3A00%3A05%2B00%3A00&language=en&sortBy=publishedAt&pageSize=5&apiKey=e5c51acd76eb4f5eab049efdcb3810e0 "HTTP/1.1 200 OK"
2026-05-05 10:00:05,605 [INFO] stock_news_check: News scan done — breaking signals: 0
2026-05-05 10:00:05,606 [INFO] stock_news_check: News-check run done: re-analyzed=0 alerts_sent=0
2026-05-05 14:00:03,068 [INFO] httpx: HTTP Request: GET https://newsapi.org/v2/everything?q=Apple&from=2026-05-05T08%3A00%3A02%2B00%3A00&language=en&sortBy=publishedAt&pageSize=5&apiKey=e5c51acd76eb4f5eab049efdcb3810e0 "HTTP/1.1 200 OK"
2026-05-05 14:00:03,340 [INFO] httpx: HTTP Request: GET https://newsapi.org/v2/everything?q=Microsoft&from=2026-05-05T08%3A00%3A03%2B00%3A00&language=en&sortBy=publishedAt&pageSize=5&apiKey=e5c51acd76eb4f5eab049efdcb3810e0 "HTTP/1.1 200 OK"
2026-05-05 14:00:03,729 [INFO] httpx: HTTP Request: GET https://newsapi.org/v2/everything?q=Alphabet%20%28Google%29&from=2026-05-05T08%3A00%3A03%2B00%3A00&language=en&sortBy=publishedAt&pageSize=5&apiKey=e5c51acd76eb4f5eab049efdcb3810e0 "HTTP/1.1 200 OK"
2026-05-05 14:00:04,264 [INFO] httpx: HTTP Request: GET https://newsapi.org/v2/everything?q=Amazon&from=2026-05-05T08%3A00%3A03%2B00%3A00&language=en&sortBy=publishedAt&pageSize=5&apiKey=e5c51acd76eb4f5eab049efdcb3810e0 "HTTP/1.1 200 OK"
2026-05-05 14:00:04,494 [INFO] httpx: HTTP Request: GET https://newsapi.org/v2/everything?q=Berkshire%20Hathaway&from=2026-05-05T08%3A00%3A04%2B00%3A00&language=en&sortBy=publishedAt&pageSize=5&apiKey=e5c51acd76eb4f5eab049efdcb3810e0 "HTTP/1.1 200 OK"
2026-05-05 14:00:04,623 [INFO] httpx: HTTP Request: GET https://newsapi.org/v2/everything?q=Coca-Cola&from=2026-05-05T08%3A00%3A04%2B00%3A00&language=en&sortBy=publishedAt&pageSize=5&apiKey=e5c51acd76eb4f5eab049efdcb3810e0 "HTTP/1.1 200 OK"
2026-05-05 14:00:04,771 [INFO] httpx: HTTP Request: GET https://newsapi.org/v2/everything?q=Johnson%20%26%20Johnson&from=2026-05-05T08%3A00%3A04%2B00%3A00&language=en&sortBy=publishedAt&pageSize=5&apiKey=e5c51acd76eb4f5eab049efdcb3810e0 "HTTP/1.1 200 OK"
2026-05-05 14:00:05,000 [INFO] httpx: HTTP Request: GET https://newsapi.org/v2/everything?q=Visa&from=2026-05-05T08%3A00%3A04%2B00%3A00&language=en&sortBy=publishedAt&pageSize=5&apiKey=e5c51acd76eb4f5eab049efdcb3810e0 "HTTP/1.1 200 OK"
2026-05-05 14:00:05,128 [INFO] httpx: HTTP Request: GET https://newsapi.org/v2/everything?q=Meta%20Platforms&from=2026-05-05T08%3A00%3A05%2B00%3A00&language=en&sortBy=publishedAt&pageSize=5&apiKey=e5c51acd76eb4f5eab049efdcb3810e0 "HTTP/1.1 200 OK"
2026-05-05 14:00:05,271 [INFO] httpx: HTTP Request: GET https://newsapi.org/v2/everything?q=Nvidia&from=2026-05-05T08%3A00%3A05%2B00%3A00&language=en&sortBy=publishedAt&pageSize=5&apiKey=e5c51acd76eb4f5eab049efdcb3810e0 "HTTP/1.1 200 OK"
2026-05-05 14:00:05,400 [INFO] httpx: HTTP Request: GET https://newsapi.org/v2/everything?q=ASML%20Holding&from=2026-05-05T08%3A00%3A05%2B00%3A00&language=en&sortBy=publishedAt&pageSize=5&apiKey=e5c51acd76eb4f5eab049efdcb3810e0 "HTTP/1.1 200 OK"
2026-05-05 14:00:05,558 [INFO] httpx: HTTP Request: GET https://newsapi.org/v2/everything?q=SAP&from=2026-05-05T08%3A00%3A05%2B00%3A00&language=en&sortBy=publishedAt&pageSize=5&apiKey=e5c51acd76eb4f5eab049efdcb3810e0 "HTTP/1.1 200 OK"
2026-05-05 14:00:05,736 [INFO] httpx: HTTP Request: GET https://newsapi.org/v2/everything?q=Novo%20Nordisk&from=2026-05-05T08%3A00%3A05%2B00%3A00&language=en&sortBy=publishedAt&pageSize=5&apiKey=e5c51acd76eb4f5eab049efdcb3810e0 "HTTP/1.1 200 OK"
2026-05-05 14:00:05,968 [INFO] httpx: HTTP Request: GET https://newsapi.org/v2/everything?q=Ferrari&from=2026-05-05T08%3A00%3A05%2B00%3A00&language=en&sortBy=publishedAt&pageSize=5&apiKey=e5c51acd76eb4f5eab049efdcb3810e0 "HTTP/1.1 200 OK"
2026-05-05 14:00:06,102 [INFO] httpx: HTTP Request: GET https://newsapi.org/v2/everything?q=LVMH&from=2026-05-05T08%3A00%3A05%2B00%3A00&language=en&sortBy=publishedAt&pageSize=5&apiKey=e5c51acd76eb4f5eab049efdcb3810e0 "HTTP/1.1 200 OK"
2026-05-05 14:00:06,104 [INFO] stock_news_check: News scan done — breaking signals: 0
2026-05-05 14:00:06,104 [INFO] stock_news_check: News-check run done: re-analyzed=0 alerts_sent=0
2026-05-05 18:00:03,464 [INFO] httpx: HTTP Request: GET https://newsapi.org/v2/everything?q=Apple&from=2026-05-05T12%3A00%3A03%2B00%3A00&language=en&sortBy=publishedAt&pageSize=5&apiKey=e5c51acd76eb4f5eab049efdcb3810e0 "HTTP/1.1 200 OK"
2026-05-05 18:00:04,016 [INFO] httpx: HTTP Request: GET https://newsapi.org/v2/everything?q=Microsoft&from=2026-05-05T12%3A00%3A03%2B00%3A00&language=en&sortBy=publishedAt&pageSize=5&apiKey=e5c51acd76eb4f5eab049efdcb3810e0 "HTTP/1.1 200 OK"
2026-05-05 18:00:04,278 [INFO] httpx: HTTP Request: GET https://newsapi.org/v2/everything?q=Alphabet%20%28Google%29&from=2026-05-05T12%3A00%3A04%2B00%3A00&language=en&sortBy=publishedAt&pageSize=5&apiKey=e5c51acd76eb4f5eab049efdcb3810e0 "HTTP/1.1 200 OK"
2026-05-05 18:00:04,585 [INFO] httpx: HTTP Request: GET https://newsapi.org/v2/everything?q=Amazon&from=2026-05-05T12%3A00%3A04%2B00%3A00&language=en&sortBy=publishedAt&pageSize=5&apiKey=e5c51acd76eb4f5eab049efdcb3810e0 "HTTP/1.1 200 OK"
2026-05-05 18:00:04,774 [INFO] httpx: HTTP Request: GET https://newsapi.org/v2/everything?q=Berkshire%20Hathaway&from=2026-05-05T12%3A00%3A04%2B00%3A00&language=en&sortBy=publishedAt&pageSize=5&apiKey=e5c51acd76eb4f5eab049efdcb3810e0 "HTTP/1.1 200 OK"
2026-05-05 18:00:04,939 [INFO] httpx: HTTP Request: GET https://newsapi.org/v2/everything?q=Coca-Cola&from=2026-05-05T12%3A00%3A04%2B00%3A00&language=en&sortBy=publishedAt&pageSize=5&apiKey=e5c51acd76eb4f5eab049efdcb3810e0 "HTTP/1.1 200 OK"
2026-05-05 18:00:05,098 [INFO] httpx: HTTP Request: GET https://newsapi.org/v2/everything?q=Johnson%20%26%20Johnson&from=2026-05-05T12%3A00%3A04%2B00%3A00&language=en&sortBy=publishedAt&pageSize=5&apiKey=e5c51acd76eb4f5eab049efdcb3810e0 "HTTP/1.1 200 OK"
2026-05-05 18:00:05,228 [INFO] httpx: HTTP Request: GET https://newsapi.org/v2/everything?q=Visa&from=2026-05-05T12%3A00%3A05%2B00%3A00&language=en&sortBy=publishedAt&pageSize=5&apiKey=e5c51acd76eb4f5eab049efdcb3810e0 "HTTP/1.1 200 OK"
2026-05-05 18:00:05,436 [INFO] httpx: HTTP Request: GET https://newsapi.org/v2/everything?q=Meta%20Platforms&from=2026-05-05T12%3A00%3A05%2B00%3A00&language=en&sortBy=publishedAt&pageSize=5&apiKey=e5c51acd76eb4f5eab049efdcb3810e0 "HTTP/1.1 200 OK"
2026-05-05 18:00:05,644 [INFO] httpx: HTTP Request: GET https://newsapi.org/v2/everything?q=Nvidia&from=2026-05-05T12%3A00%3A05%2B00%3A00&language=en&sortBy=publishedAt&pageSize=5&apiKey=e5c51acd76eb4f5eab049efdcb3810e0 "HTTP/1.1 200 OK"
2026-05-05 18:00:05,819 [INFO] httpx: HTTP Request: GET https://newsapi.org/v2/everything?q=ASML%20Holding&from=2026-05-05T12%3A00%3A05%2B00%3A00&language=en&sortBy=publishedAt&pageSize=5&apiKey=e5c51acd76eb4f5eab049efdcb3810e0 "HTTP/1.1 200 OK"
2026-05-05 18:00:05,941 [INFO] httpx: HTTP Request: GET https://newsapi.org/v2/everything?q=SAP&from=2026-05-05T12%3A00%3A05%2B00%3A00&language=en&sortBy=publishedAt&pageSize=5&apiKey=e5c51acd76eb4f5eab049efdcb3810e0 "HTTP/1.1 200 OK"
2026-05-05 18:00:06,093 [INFO] httpx: HTTP Request: GET https://newsapi.org/v2/everything?q=Novo%20Nordisk&from=2026-05-05T12%3A00%3A05%2B00%3A00&language=en&sortBy=publishedAt&pageSize=5&apiKey=e5c51acd76eb4f5eab049efdcb3810e0 "HTTP/1.1 200 OK"
2026-05-05 18:00:06,207 [INFO] httpx: HTTP Request: GET https://newsapi.org/v2/everything?q=Ferrari&from=2026-05-05T12%3A00%3A06%2B00%3A00&language=en&sortBy=publishedAt&pageSize=5&apiKey=e5c51acd76eb4f5eab049efdcb3810e0 "HTTP/1.1 200 OK"
2026-05-05 18:00:06,341 [INFO] httpx: HTTP Request: GET https://newsapi.org/v2/everything?q=LVMH&from=2026-05-05T12%3A00%3A06%2B00%3A00&language=en&sortBy=publishedAt&pageSize=5&apiKey=e5c51acd76eb4f5eab049efdcb3810e0 "HTTP/1.1 200 OK"
2026-05-05 18:00:06,343 [INFO] stock_news_check: News scan done — breaking signals: 0
2026-05-05 18:00:06,343 [INFO] stock_news_check: News-check run done: re-analyzed=0 alerts_sent=0
2026-05-06 10:00:02,875 [INFO] httpx: HTTP Request: GET https://newsapi.org/v2/everything?q=Apple&from=2026-05-06T04%3A00%3A02%2B00%3A00&language=en&sortBy=publishedAt&pageSize=5&apiKey=e5c51acd76eb4f5eab049efdcb3810e0 "HTTP/1.1 200 OK"
2026-05-06 10:00:03,083 [INFO] httpx: HTTP Request: GET https://newsapi.org/v2/everything?q=Microsoft&from=2026-05-06T04%3A00%3A02%2B00%3A00&language=en&sortBy=publishedAt&pageSize=5&apiKey=e5c51acd76eb4f5eab049efdcb3810e0 "HTTP/1.1 200 OK"
2026-05-06 10:00:03,218 [INFO] httpx: HTTP Request: GET https://newsapi.org/v2/everything?q=Alphabet%20%28Google%29&from=2026-05-06T04%3A00%3A03%2B00%3A00&language=en&sortBy=publishedAt&pageSize=5&apiKey=e5c51acd76eb4f5eab049efdcb3810e0 "HTTP/1.1 200 OK"
2026-05-06 10:00:03,442 [INFO] httpx: HTTP Request: GET https://newsapi.org/v2/everything?q=Amazon&from=2026-05-06T04%3A00%3A03%2B00%3A00&language=en&sortBy=publishedAt&pageSize=5&apiKey=e5c51acd76eb4f5eab049efdcb3810e0 "HTTP/1.1 200 OK"
2026-05-06 10:00:03,720 [INFO] httpx: HTTP Request: GET https://newsapi.org/v2/everything?q=Berkshire%20Hathaway&from=2026-05-06T04%3A00%3A03%2B00%3A00&language=en&sortBy=publishedAt&pageSize=5&apiKey=e5c51acd76eb4f5eab049efdcb3810e0 "HTTP/1.1 200 OK"
2026-05-06 10:00:03,884 [INFO] httpx: HTTP Request: GET https://newsapi.org/v2/everything?q=Coca-Cola&from=2026-05-06T04%3A00%3A03%2B00%3A00&language=en&sortBy=publishedAt&pageSize=5&apiKey=e5c51acd76eb4f5eab049efdcb3810e0 "HTTP/1.1 200 OK"
2026-05-06 10:00:04,047 [INFO] httpx: HTTP Request: GET https://newsapi.org/v2/everything?q=Johnson%20%26%20Johnson&from=2026-05-06T04%3A00%3A03%2B00%3A00&language=en&sortBy=publishedAt&pageSize=5&apiKey=e5c51acd76eb4f5eab049efdcb3810e0 "HTTP/1.1 200 OK"
2026-05-06 10:00:04,171 [INFO] httpx: HTTP Request: GET https://newsapi.org/v2/everything?q=Visa&from=2026-05-06T04%3A00%3A04%2B00%3A00&language=en&sortBy=publishedAt&pageSize=5&apiKey=e5c51acd76eb4f5eab049efdcb3810e0 "HTTP/1.1 200 OK"
2026-05-06 10:00:04,290 [INFO] httpx: HTTP Request: GET https://newsapi.org/v2/everything?q=Meta%20Platforms&from=2026-05-06T04%3A00%3A04%2B00%3A00&language=en&sortBy=publishedAt&pageSize=5&apiKey=e5c51acd76eb4f5eab049efdcb3810e0 "HTTP/1.1 200 OK"
2026-05-06 10:00:04,411 [INFO] httpx: HTTP Request: GET https://newsapi.org/v2/everything?q=Nvidia&from=2026-05-06T04%3A00%3A04%2B00%3A00&language=en&sortBy=publishedAt&pageSize=5&apiKey=e5c51acd76eb4f5eab049efdcb3810e0 "HTTP/1.1 200 OK"
2026-05-06 10:00:04,555 [INFO] httpx: HTTP Request: GET https://newsapi.org/v2/everything?q=ASML%20Holding&from=2026-05-06T04%3A00%3A04%2B00%3A00&language=en&sortBy=publishedAt&pageSize=5&apiKey=e5c51acd76eb4f5eab049efdcb3810e0 "HTTP/1.1 200 OK"
2026-05-06 10:00:04,683 [INFO] httpx: HTTP Request: GET https://newsapi.org/v2/everything?q=SAP&from=2026-05-06T04%3A00%3A04%2B00%3A00&language=en&sortBy=publishedAt&pageSize=5&apiKey=e5c51acd76eb4f5eab049efdcb3810e0 "HTTP/1.1 200 OK"
2026-05-06 10:00:04,801 [INFO] httpx: HTTP Request: GET https://newsapi.org/v2/everything?q=Novo%20Nordisk&from=2026-05-06T04%3A00%3A04%2B00%3A00&language=en&sortBy=publishedAt&pageSize=5&apiKey=e5c51acd76eb4f5eab049efdcb3810e0 "HTTP/1.1 200 OK"
2026-05-06 10:00:04,948 [INFO] httpx: HTTP Request: GET https://newsapi.org/v2/everything?q=Ferrari&from=2026-05-06T04%3A00%3A04%2B00%3A00&language=en&sortBy=publishedAt&pageSize=5&apiKey=e5c51acd76eb4f5eab049efdcb3810e0 "HTTP/1.1 200 OK"
2026-05-06 10:00:05,094 [INFO] httpx: HTTP Request: GET https://newsapi.org/v2/everything?q=LVMH&from=2026-05-06T04%3A00%3A04%2B00%3A00&language=en&sortBy=publishedAt&pageSize=5&apiKey=e5c51acd76eb4f5eab049efdcb3810e0 "HTTP/1.1 200 OK"
2026-05-06 10:00:05,095 [INFO] stock_news_check: News scan done — breaking signals: 0
2026-05-06 10:00:05,096 [INFO] stock_news_check: News-check run done: re-analyzed=0 alerts_sent=0
2026-05-06 14:00:03,136 [INFO] httpx: HTTP Request: GET https://newsapi.org/v2/everything?q=Apple&from=2026-05-06T08%3A00%3A02%2B00%3A00&language=en&sortBy=publishedAt&pageSize=5&apiKey=e5c51acd76eb4f5eab049efdcb3810e0 "HTTP/1.1 200 OK"
2026-05-06 14:00:03,319 [INFO] httpx: HTTP Request: GET https://newsapi.org/v2/everything?q=Microsoft&from=2026-05-06T08%3A00%3A03%2B00%3A00&language=en&sortBy=publishedAt&pageSize=5&apiKey=e5c51acd76eb4f5eab049efdcb3810e0 "HTTP/1.1 200 OK"
2026-05-06 14:00:03,442 [INFO] httpx: HTTP Request: GET https://newsapi.org/v2/everything?q=Alphabet%20%28Google%29&from=2026-05-06T08%3A00%3A03%2B00%3A00&language=en&sortBy=publishedAt&pageSize=5&apiKey=e5c51acd76eb4f5eab049efdcb3810e0 "HTTP/1.1 200 OK"
2026-05-06 14:00:03,583 [INFO] httpx: HTTP Request: GET https://newsapi.org/v2/everything?q=Amazon&from=2026-05-06T08%3A00%3A03%2B00%3A00&language=en&sortBy=publishedAt&pageSize=5&apiKey=e5c51acd76eb4f5eab049efdcb3810e0 "HTTP/1.1 200 OK"
2026-05-06 14:00:03,697 [INFO] httpx: HTTP Request: GET https://newsapi.org/v2/everything?q=Berkshire%20Hathaway&from=2026-05-06T08%3A00%3A03%2B00%3A00&language=en&sortBy=publishedAt&pageSize=5&apiKey=e5c51acd76eb4f5eab049efdcb3810e0 "HTTP/1.1 200 OK"
2026-05-06 14:00:03,857 [INFO] httpx: HTTP Request: GET https://newsapi.org/v2/everything?q=Coca-Cola&from=2026-05-06T08%3A00%3A03%2B00%3A00&language=en&sortBy=publishedAt&pageSize=5&apiKey=e5c51acd76eb4f5eab049efdcb3810e0 "HTTP/1.1 200 OK"
2026-05-06 14:00:04,037 [INFO] httpx: HTTP Request: GET https://newsapi.org/v2/everything?q=Johnson%20%26%20Johnson&from=2026-05-06T08%3A00%3A03%2B00%3A00&language=en&sortBy=publishedAt&pageSize=5&apiKey=e5c51acd76eb4f5eab049efdcb3810e0 "HTTP/1.1 200 OK"
2026-05-06 14:00:04,161 [INFO] httpx: HTTP Request: GET https://newsapi.org/v2/everything?q=Visa&from=2026-05-06T08%3A00%3A04%2B00%3A00&language=en&sortBy=publishedAt&pageSize=5&apiKey=e5c51acd76eb4f5eab049efdcb3810e0 "HTTP/1.1 200 OK"
2026-05-06 14:00:04,332 [INFO] httpx: HTTP Request: GET https://newsapi.org/v2/everything?q=Meta%20Platforms&from=2026-05-06T08%3A00%3A04%2B00%3A00&language=en&sortBy=publishedAt&pageSize=5&apiKey=e5c51acd76eb4f5eab049efdcb3810e0 "HTTP/1.1 200 OK"
2026-05-06 14:00:04,522 [INFO] httpx: HTTP Request: GET https://newsapi.org/v2/everything?q=Nvidia&from=2026-05-06T08%3A00%3A04%2B00%3A00&language=en&sortBy=publishedAt&pageSize=5&apiKey=e5c51acd76eb4f5eab049efdcb3810e0 "HTTP/1.1 200 OK"
2026-05-06 14:00:04,657 [INFO] httpx: HTTP Request: GET https://newsapi.org/v2/everything?q=ASML%20Holding&from=2026-05-06T08%3A00%3A04%2B00%3A00&language=en&sortBy=publishedAt&pageSize=5&apiKey=e5c51acd76eb4f5eab049efdcb3810e0 "HTTP/1.1 200 OK"
2026-05-06 14:00:04,777 [INFO] httpx: HTTP Request: GET https://newsapi.org/v2/everything?q=SAP&from=2026-05-06T08%3A00%3A04%2B00%3A00&language=en&sortBy=publishedAt&pageSize=5&apiKey=e5c51acd76eb4f5eab049efdcb3810e0 "HTTP/1.1 200 OK"
2026-05-06 14:00:04,954 [INFO] httpx: HTTP Request: GET https://newsapi.org/v2/everything?q=Novo%20Nordisk&from=2026-05-06T08%3A00%3A04%2B00%3A00&language=en&sortBy=publishedAt&pageSize=5&apiKey=e5c51acd76eb4f5eab049efdcb3810e0 "HTTP/1.1 200 OK"
2026-05-06 14:00:05,072 [INFO] httpx: HTTP Request: GET https://newsapi.org/v2/everything?q=Ferrari&from=2026-05-06T08%3A00%3A04%2B00%3A00&language=en&sortBy=publishedAt&pageSize=5&apiKey=e5c51acd76eb4f5eab049efdcb3810e0 "HTTP/1.1 200 OK"
2026-05-06 14:00:05,186 [INFO] httpx: HTTP Request: GET https://newsapi.org/v2/everything?q=LVMH&from=2026-05-06T08%3A00%3A05%2B00%3A00&language=en&sortBy=publishedAt&pageSize=5&apiKey=e5c51acd76eb4f5eab049efdcb3810e0 "HTTP/1.1 200 OK"
2026-05-06 14:00:05,188 [INFO] stock_news_check: News scan done — breaking signals: 0
2026-05-06 14:00:05,189 [INFO] stock_news_check: News-check run done: re-analyzed=0 alerts_sent=0
2026-05-06 18:00:03,301 [INFO] httpx: HTTP Request: GET https://newsapi.org/v2/everything?q=Apple&from=2026-05-06T12%3A00%3A03%2B00%3A00&language=en&sortBy=publishedAt&pageSize=5&apiKey=e5c51acd76eb4f5eab049efdcb3810e0 "HTTP/1.1 200 OK"
2026-05-06 18:00:03,418 [INFO] httpx: HTTP Request: GET https://newsapi.org/v2/everything?q=Microsoft&from=2026-05-06T12%3A00%3A03%2B00%3A00&language=en&sortBy=publishedAt&pageSize=5&apiKey=e5c51acd76eb4f5eab049efdcb3810e0 "HTTP/1.1 200 OK"
2026-05-06 18:00:03,593 [INFO] httpx: HTTP Request: GET https://newsapi.org/v2/everything?q=Alphabet%20%28Google%29&from=2026-05-06T12%3A00%3A03%2B00%3A00&language=en&sortBy=publishedAt&pageSize=5&apiKey=e5c51acd76eb4f5eab049efdcb3810e0 "HTTP/1.1 200 OK"
2026-05-06 18:00:03,718 [INFO] httpx: HTTP Request: GET https://newsapi.org/v2/everything?q=Amazon&from=2026-05-06T12%3A00%3A03%2B00%3A00&language=en&sortBy=publishedAt&pageSize=5&apiKey=e5c51acd76eb4f5eab049efdcb3810e0 "HTTP/1.1 200 OK"
2026-05-06 18:00:03,836 [INFO] httpx: HTTP Request: GET https://newsapi.org/v2/everything?q=Berkshire%20Hathaway&from=2026-05-06T12%3A00%3A03%2B00%3A00&language=en&sortBy=publishedAt&pageSize=5&apiKey=e5c51acd76eb4f5eab049efdcb3810e0 "HTTP/1.1 200 OK"
2026-05-06 18:00:03,955 [INFO] httpx: HTTP Request: GET https://newsapi.org/v2/everything?q=Coca-Cola&from=2026-05-06T12%3A00%3A03%2B00%3A00&language=en&sortBy=publishedAt&pageSize=5&apiKey=e5c51acd76eb4f5eab049efdcb3810e0 "HTTP/1.1 200 OK"
2026-05-06 18:00:04,077 [INFO] httpx: HTTP Request: GET https://newsapi.org/v2/everything?q=Johnson%20%26%20Johnson&from=2026-05-06T12%3A00%3A03%2B00%3A00&language=en&sortBy=publishedAt&pageSize=5&apiKey=e5c51acd76eb4f5eab049efdcb3810e0 "HTTP/1.1 200 OK"
2026-05-06 18:00:04,216 [INFO] httpx: HTTP Request: GET https://newsapi.org/v2/everything?q=Visa&from=2026-05-06T12%3A00%3A04%2B00%3A00&language=en&sortBy=publishedAt&pageSize=5&apiKey=e5c51acd76eb4f5eab049efdcb3810e0 "HTTP/1.1 200 OK"
2026-05-06 18:00:04,334 [INFO] httpx: HTTP Request: GET https://newsapi.org/v2/everything?q=Meta%20Platforms&from=2026-05-06T12%3A00%3A04%2B00%3A00&language=en&sortBy=publishedAt&pageSize=5&apiKey=e5c51acd76eb4f5eab049efdcb3810e0 "HTTP/1.1 200 OK"
2026-05-06 18:00:04,451 [INFO] httpx: HTTP Request: GET https://newsapi.org/v2/everything?q=Nvidia&from=2026-05-06T12%3A00%3A04%2B00%3A00&language=en&sortBy=publishedAt&pageSize=5&apiKey=e5c51acd76eb4f5eab049efdcb3810e0 "HTTP/1.1 200 OK"
2026-05-06 18:00:04,691 [INFO] httpx: HTTP Request: GET https://newsapi.org/v2/everything?q=ASML%20Holding&from=2026-05-06T12%3A00%3A04%2B00%3A00&language=en&sortBy=publishedAt&pageSize=5&apiKey=e5c51acd76eb4f5eab049efdcb3810e0 "HTTP/1.1 200 OK"
2026-05-06 18:00:04,868 [INFO] httpx: HTTP Request: GET https://newsapi.org/v2/everything?q=SAP&from=2026-05-06T12%3A00%3A04%2B00%3A00&language=en&sortBy=publishedAt&pageSize=5&apiKey=e5c51acd76eb4f5eab049efdcb3810e0 "HTTP/1.1 200 OK"
2026-05-06 18:00:04,997 [INFO] httpx: HTTP Request: GET https://newsapi.org/v2/everything?q=Novo%20Nordisk&from=2026-05-06T12%3A00%3A04%2B00%3A00&language=en&sortBy=publishedAt&pageSize=5&apiKey=e5c51acd76eb4f5eab049efdcb3810e0 "HTTP/1.1 200 OK"
2026-05-06 18:00:05,123 [INFO] httpx: HTTP Request: GET https://newsapi.org/v2/everything?q=Ferrari&from=2026-05-06T12%3A00%3A04%2B00%3A00&language=en&sortBy=publishedAt&pageSize=5&apiKey=e5c51acd76eb4f5eab049efdcb3810e0 "HTTP/1.1 200 OK"
2026-05-06 18:00:05,243 [INFO] httpx: HTTP Request: GET https://newsapi.org/v2/everything?q=LVMH&from=2026-05-06T12%3A00%3A05%2B00%3A00&language=en&sortBy=publishedAt&pageSize=5&apiKey=e5c51acd76eb4f5eab049efdcb3810e0 "HTTP/1.1 200 OK"
2026-05-06 18:00:05,244 [INFO] stock_news_check: News scan done — breaking signals: 0
2026-05-06 18:00:05,244 [INFO] stock_news_check: News-check run done: re-analyzed=0 alerts_sent=0
2026-05-07 10:00:03,182 [INFO] httpx: HTTP Request: GET https://newsapi.org/v2/everything?q=Apple&from=2026-05-07T04%3A00%3A02%2B00%3A00&language=en&sortBy=publishedAt&pageSize=5&apiKey=e5c51acd76eb4f5eab049efdcb3810e0 "HTTP/1.1 200 OK"
2026-05-07 10:00:03,383 [INFO] httpx: HTTP Request: GET https://newsapi.org/v2/everything?q=Microsoft&from=2026-05-07T04%3A00%3A03%2B00%3A00&language=en&sortBy=publishedAt&pageSize=5&apiKey=e5c51acd76eb4f5eab049efdcb3810e0 "HTTP/1.1 200 OK"
2026-05-07 10:00:03,539 [INFO] httpx: HTTP Request: GET https://newsapi.org/v2/everything?q=Alphabet%20%28Google%29&from=2026-05-07T04%3A00%3A03%2B00%3A00&language=en&sortBy=publishedAt&pageSize=5&apiKey=e5c51acd76eb4f5eab049efdcb3810e0 "HTTP/1.1 200 OK"
2026-05-07 10:00:03,664 [INFO] httpx: HTTP Request: GET https://newsapi.org/v2/everything?q=Amazon&from=2026-05-07T04%3A00%3A03%2B00%3A00&language=en&sortBy=publishedAt&pageSize=5&apiKey=e5c51acd76eb4f5eab049efdcb3810e0 "HTTP/1.1 200 OK"
2026-05-07 10:00:03,819 [INFO] httpx: HTTP Request: GET https://newsapi.org/v2/everything?q=Berkshire%20Hathaway&from=2026-05-07T04%3A00%3A03%2B00%3A00&language=en&sortBy=publishedAt&pageSize=5&apiKey=e5c51acd76eb4f5eab049efdcb3810e0 "HTTP/1.1 200 OK"
2026-05-07 10:00:03,942 [INFO] httpx: HTTP Request: GET https://newsapi.org/v2/everything?q=Coca-Cola&from=2026-05-07T04%3A00%3A03%2B00%3A00&language=en&sortBy=publishedAt&pageSize=5&apiKey=e5c51acd76eb4f5eab049efdcb3810e0 "HTTP/1.1 200 OK"
2026-05-07 10:00:04,135 [INFO] httpx: HTTP Request: GET https://newsapi.org/v2/everything?q=Johnson%20%26%20Johnson&from=2026-05-07T04%3A00%3A03%2B00%3A00&language=en&sortBy=publishedAt&pageSize=5&apiKey=e5c51acd76eb4f5eab049efdcb3810e0 "HTTP/1.1 200 OK"
2026-05-07 10:00:04,262 [INFO] httpx: HTTP Request: GET https://newsapi.org/v2/everything?q=Visa&from=2026-05-07T04%3A00%3A04%2B00%3A00&language=en&sortBy=publishedAt&pageSize=5&apiKey=e5c51acd76eb4f5eab049efdcb3810e0 "HTTP/1.1 200 OK"
2026-05-07 10:00:04,466 [INFO] httpx: HTTP Request: GET https://newsapi.org/v2/everything?q=Meta%20Platforms&from=2026-05-07T04%3A00%3A04%2B00%3A00&language=en&sortBy=publishedAt&pageSize=5&apiKey=e5c51acd76eb4f5eab049efdcb3810e0 "HTTP/1.1 200 OK"
2026-05-07 10:00:04,591 [INFO] httpx: HTTP Request: GET https://newsapi.org/v2/everything?q=Nvidia&from=2026-05-07T04%3A00%3A04%2B00%3A00&language=en&sortBy=publishedAt&pageSize=5&apiKey=e5c51acd76eb4f5eab049efdcb3810e0 "HTTP/1.1 200 OK"
2026-05-07 10:00:04,727 [INFO] httpx: HTTP Request: GET https://newsapi.org/v2/everything?q=ASML%20Holding&from=2026-05-07T04%3A00%3A04%2B00%3A00&language=en&sortBy=publishedAt&pageSize=5&apiKey=e5c51acd76eb4f5eab049efdcb3810e0 "HTTP/1.1 200 OK"
2026-05-07 10:00:04,862 [INFO] httpx: HTTP Request: GET https://newsapi.org/v2/everything?q=SAP&from=2026-05-07T04%3A00%3A04%2B00%3A00&language=en&sortBy=publishedAt&pageSize=5&apiKey=e5c51acd76eb4f5eab049efdcb3810e0 "HTTP/1.1 200 OK"
2026-05-07 10:00:04,992 [INFO] httpx: HTTP Request: GET https://newsapi.org/v2/everything?q=Novo%20Nordisk&from=2026-05-07T04%3A00%3A04%2B00%3A00&language=en&sortBy=publishedAt&pageSize=5&apiKey=e5c51acd76eb4f5eab049efdcb3810e0 "HTTP/1.1 200 OK"
2026-05-07 10:00:05,118 [INFO] httpx: HTTP Request: GET https://newsapi.org/v2/everything?q=Ferrari&from=2026-05-07T04%3A00%3A04%2B00%3A00&language=en&sortBy=publishedAt&pageSize=5&apiKey=e5c51acd76eb4f5eab049efdcb3810e0 "HTTP/1.1 200 OK"
2026-05-07 10:00:05,236 [INFO] httpx: HTTP Request: GET https://newsapi.org/v2/everything?q=LVMH&from=2026-05-07T04%3A00%3A05%2B00%3A00&language=en&sortBy=publishedAt&pageSize=5&apiKey=e5c51acd76eb4f5eab049efdcb3810e0 "HTTP/1.1 200 OK"
2026-05-07 10:00:05,237 [INFO] stock_news_check: News scan done — breaking signals: 0
2026-05-07 10:00:05,237 [INFO] stock_news_check: News-check run done: re-analyzed=0 alerts_sent=0
2026-05-07 14:00:02,408 [INFO] httpx: HTTP Request: GET https://newsapi.org/v2/everything?q=Apple&from=2026-05-07T08%3A00%3A02%2B00%3A00&language=en&sortBy=publishedAt&pageSize=5&apiKey=e5c51acd76eb4f5eab049efdcb3810e0 "HTTP/1.1 200 OK"
2026-05-07 14:00:02,559 [INFO] httpx: HTTP Request: GET https://newsapi.org/v2/everything?q=Microsoft&from=2026-05-07T08%3A00%3A02%2B00%3A00&language=en&sortBy=publishedAt&pageSize=5&apiKey=e5c51acd76eb4f5eab049efdcb3810e0 "HTTP/1.1 200 OK"
2026-05-07 14:00:02,687 [INFO] httpx: HTTP Request: GET https://newsapi.org/v2/everything?q=Alphabet%20%28Google%29&from=2026-05-07T08%3A00%3A02%2B00%3A00&language=en&sortBy=publishedAt&pageSize=5&apiKey=e5c51acd76eb4f5eab049efdcb3810e0 "HTTP/1.1 200 OK"
2026-05-07 14:00:02,908 [INFO] httpx: HTTP Request: GET https://newsapi.org/v2/everything?q=Amazon&from=2026-05-07T08%3A00%3A02%2B00%3A00&language=en&sortBy=publishedAt&pageSize=5&apiKey=e5c51acd76eb4f5eab049efdcb3810e0 "HTTP/1.1 200 OK"
2026-05-07 14:00:03,343 [INFO] httpx: HTTP Request: GET https://newsapi.org/v2/everything?q=Berkshire%20Hathaway&from=2026-05-07T08%3A00%3A02%2B00%3A00&language=en&sortBy=publishedAt&pageSize=5&apiKey=e5c51acd76eb4f5eab049efdcb3810e0 "HTTP/1.1 200 OK"
2026-05-07 14:00:03,480 [INFO] httpx: HTTP Request: GET https://newsapi.org/v2/everything?q=Coca-Cola&from=2026-05-07T08%3A00%3A03%2B00%3A00&language=en&sortBy=publishedAt&pageSize=5&apiKey=e5c51acd76eb4f5eab049efdcb3810e0 "HTTP/1.1 200 OK"
2026-05-07 14:00:03,748 [INFO] httpx: HTTP Request: GET https://newsapi.org/v2/everything?q=Johnson%20%26%20Johnson&from=2026-05-07T08%3A00%3A03%2B00%3A00&language=en&sortBy=publishedAt&pageSize=5&apiKey=e5c51acd76eb4f5eab049efdcb3810e0 "HTTP/1.1 200 OK"
2026-05-07 14:00:03,894 [INFO] httpx: HTTP Request: GET https://newsapi.org/v2/everything?q=Visa&from=2026-05-07T08%3A00%3A03%2B00%3A00&language=en&sortBy=publishedAt&pageSize=5&apiKey=e5c51acd76eb4f5eab049efdcb3810e0 "HTTP/1.1 200 OK"
2026-05-07 14:00:04,405 [INFO] httpx: HTTP Request: GET https://newsapi.org/v2/everything?q=Meta%20Platforms&from=2026-05-07T08%3A00%3A03%2B00%3A00&language=en&sortBy=publishedAt&pageSize=5&apiKey=e5c51acd76eb4f5eab049efdcb3810e0 "HTTP/1.1 200 OK"
2026-05-07 14:00:04,641 [INFO] httpx: HTTP Request: GET https://newsapi.org/v2/everything?q=Nvidia&from=2026-05-07T08%3A00%3A04%2B00%3A00&language=en&sortBy=publishedAt&pageSize=5&apiKey=e5c51acd76eb4f5eab049efdcb3810e0 "HTTP/1.1 200 OK"
2026-05-07 14:00:04,755 [INFO] httpx: HTTP Request: GET https://newsapi.org/v2/everything?q=ASML%20Holding&from=2026-05-07T08%3A00%3A04%2B00%3A00&language=en&sortBy=publishedAt&pageSize=5&apiKey=e5c51acd76eb4f5eab049efdcb3810e0 "HTTP/1.1 200 OK"
2026-05-07 14:00:04,874 [INFO] httpx: HTTP Request: GET https://newsapi.org/v2/everything?q=SAP&from=2026-05-07T08%3A00%3A04%2B00%3A00&language=en&sortBy=publishedAt&pageSize=5&apiKey=e5c51acd76eb4f5eab049efdcb3810e0 "HTTP/1.1 200 OK"
2026-05-07 14:00:05,001 [INFO] httpx: HTTP Request: GET https://newsapi.org/v2/everything?q=Novo%20Nordisk&from=2026-05-07T08%3A00%3A04%2B00%3A00&language=en&sortBy=publishedAt&pageSize=5&apiKey=e5c51acd76eb4f5eab049efdcb3810e0 "HTTP/1.1 200 OK"
2026-05-07 14:00:05,123 [INFO] httpx: HTTP Request: GET https://newsapi.org/v2/everything?q=Ferrari&from=2026-05-07T08%3A00%3A05%2B00%3A00&language=en&sortBy=publishedAt&pageSize=5&apiKey=e5c51acd76eb4f5eab049efdcb3810e0 "HTTP/1.1 200 OK"
2026-05-07 14:00:05,244 [INFO] httpx: HTTP Request: GET https://newsapi.org/v2/everything?q=LVMH&from=2026-05-07T08%3A00%3A05%2B00%3A00&language=en&sortBy=publishedAt&pageSize=5&apiKey=e5c51acd76eb4f5eab049efdcb3810e0 "HTTP/1.1 200 OK"
2026-05-07 14:00:05,245 [INFO] stock_news_check: News scan done — breaking signals: 0
2026-05-07 14:00:05,245 [INFO] stock_news_check: News-check run done: re-analyzed=0 alerts_sent=0
2026-05-07 18:00:02,239 [INFO] httpx: HTTP Request: GET https://newsapi.org/v2/everything?q=Apple&from=2026-05-07T12%3A00%3A02%2B00%3A00&language=en&sortBy=publishedAt&pageSize=5&apiKey=e5c51acd76eb4f5eab049efdcb3810e0 "HTTP/1.1 200 OK"
2026-05-07 18:00:02,505 [INFO] httpx: HTTP Request: GET https://newsapi.org/v2/everything?q=Microsoft&from=2026-05-07T12%3A00%3A02%2B00%3A00&language=en&sortBy=publishedAt&pageSize=5&apiKey=e5c51acd76eb4f5eab049efdcb3810e0 "HTTP/1.1 200 OK"
2026-05-07 18:00:02,717 [INFO] httpx: HTTP Request: GET https://newsapi.org/v2/everything?q=Alphabet%20%28Google%29&from=2026-05-07T12%3A00%3A02%2B00%3A00&language=en&sortBy=publishedAt&pageSize=5&apiKey=e5c51acd76eb4f5eab049efdcb3810e0 "HTTP/1.1 200 OK"
2026-05-07 18:00:02,837 [INFO] httpx: HTTP Request: GET https://newsapi.org/v2/everything?q=Amazon&from=2026-05-07T12%3A00%3A02%2B00%3A00&language=en&sortBy=publishedAt&pageSize=5&apiKey=e5c51acd76eb4f5eab049efdcb3810e0 "HTTP/1.1 200 OK"
2026-05-07 18:00:03,098 [INFO] httpx: HTTP Request: GET https://newsapi.org/v2/everything?q=Berkshire%20Hathaway&from=2026-05-07T12%3A00%3A02%2B00%3A00&language=en&sortBy=publishedAt&pageSize=5&apiKey=e5c51acd76eb4f5eab049efdcb3810e0 "HTTP/1.1 200 OK"
2026-05-07 18:00:03,277 [INFO] httpx: HTTP Request: GET https://newsapi.org/v2/everything?q=Coca-Cola&from=2026-05-07T12%3A00%3A03%2B00%3A00&language=en&sortBy=publishedAt&pageSize=5&apiKey=e5c51acd76eb4f5eab049efdcb3810e0 "HTTP/1.1 200 OK"
2026-05-07 18:00:03,471 [INFO] httpx: HTTP Request: GET https://newsapi.org/v2/everything?q=Johnson%20%26%20Johnson&from=2026-05-07T12%3A00%3A03%2B00%3A00&language=en&sortBy=publishedAt&pageSize=5&apiKey=e5c51acd76eb4f5eab049efdcb3810e0 "HTTP/1.1 200 OK"
2026-05-07 18:00:03,621 [INFO] httpx: HTTP Request: GET https://newsapi.org/v2/everything?q=Visa&from=2026-05-07T12%3A00%3A03%2B00%3A00&language=en&sortBy=publishedAt&pageSize=5&apiKey=e5c51acd76eb4f5eab049efdcb3810e0 "HTTP/1.1 200 OK"
2026-05-07 18:00:03,767 [INFO] httpx: HTTP Request: GET https://newsapi.org/v2/everything?q=Meta%20Platforms&from=2026-05-07T12%3A00%3A03%2B00%3A00&language=en&sortBy=publishedAt&pageSize=5&apiKey=e5c51acd76eb4f5eab049efdcb3810e0 "HTTP/1.1 200 OK"
2026-05-07 18:00:03,908 [INFO] httpx: HTTP Request: GET https://newsapi.org/v2/everything?q=Nvidia&from=2026-05-07T12%3A00%3A03%2B00%3A00&language=en&sortBy=publishedAt&pageSize=5&apiKey=e5c51acd76eb4f5eab049efdcb3810e0 "HTTP/1.1 200 OK"
2026-05-07 18:00:04,027 [INFO] httpx: HTTP Request: GET https://newsapi.org/v2/everything?q=ASML%20Holding&from=2026-05-07T12%3A00%3A03%2B00%3A00&language=en&sortBy=publishedAt&pageSize=5&apiKey=e5c51acd76eb4f5eab049efdcb3810e0 "HTTP/1.1 200 OK"
2026-05-07 18:00:04,142 [INFO] httpx: HTTP Request: GET https://newsapi.org/v2/everything?q=SAP&from=2026-05-07T12%3A00%3A04%2B00%3A00&language=en&sortBy=publishedAt&pageSize=5&apiKey=e5c51acd76eb4f5eab049efdcb3810e0 "HTTP/1.1 200 OK"
2026-05-07 18:00:04,264 [INFO] httpx: HTTP Request: GET https://newsapi.org/v2/everything?q=Novo%20Nordisk&from=2026-05-07T12%3A00%3A04%2B00%3A00&language=en&sortBy=publishedAt&pageSize=5&apiKey=e5c51acd76eb4f5eab049efdcb3810e0 "HTTP/1.1 200 OK"
2026-05-07 18:00:04,386 [INFO] httpx: HTTP Request: GET https://newsapi.org/v2/everything?q=Ferrari&from=2026-05-07T12%3A00%3A04%2B00%3A00&language=en&sortBy=publishedAt&pageSize=5&apiKey=e5c51acd76eb4f5eab049efdcb3810e0 "HTTP/1.1 200 OK"
2026-05-07 18:00:04,503 [INFO] httpx: HTTP Request: GET https://newsapi.org/v2/everything?q=LVMH&from=2026-05-07T12%3A00%3A04%2B00%3A00&language=en&sortBy=publishedAt&pageSize=5&apiKey=e5c51acd76eb4f5eab049efdcb3810e0 "HTTP/1.1 200 OK"
2026-05-07 18:00:04,504 [INFO] stock_news_check: News scan done — breaking signals: 0
2026-05-07 18:00:04,504 [INFO] stock_news_check: News-check run done: re-analyzed=0 alerts_sent=0
2026-05-08 10:00:02,457 [INFO] httpx: HTTP Request: GET https://newsapi.org/v2/everything?q=Apple&from=2026-05-08T04%3A00%3A02%2B00%3A00&language=en&sortBy=publishedAt&pageSize=5&apiKey=e5c51acd76eb4f5eab049efdcb3810e0 "HTTP/1.1 200 OK"
2026-05-08 10:00:02,656 [INFO] httpx: HTTP Request: GET https://newsapi.org/v2/everything?q=Microsoft&from=2026-05-08T04%3A00%3A02%2B00%3A00&language=en&sortBy=publishedAt&pageSize=5&apiKey=e5c51acd76eb4f5eab049efdcb3810e0 "HTTP/1.1 200 OK"
2026-05-08 10:00:02,887 [INFO] httpx: HTTP Request: GET https://newsapi.org/v2/everything?q=Alphabet%20%28Google%29&from=2026-05-08T04%3A00%3A02%2B00%3A00&language=en&sortBy=publishedAt&pageSize=5&apiKey=e5c51acd76eb4f5eab049efdcb3810e0 "HTTP/1.1 200 OK"
2026-05-08 10:00:03,107 [INFO] httpx: HTTP Request: GET https://newsapi.org/v2/everything?q=Amazon&from=2026-05-08T04%3A00%3A02%2B00%3A00&language=en&sortBy=publishedAt&pageSize=5&apiKey=e5c51acd76eb4f5eab049efdcb3810e0 "HTTP/1.1 200 OK"
2026-05-08 10:00:03,252 [INFO] httpx: HTTP Request: GET https://newsapi.org/v2/everything?q=Berkshire%20Hathaway&from=2026-05-08T04%3A00%3A03%2B00%3A00&language=en&sortBy=publishedAt&pageSize=5&apiKey=e5c51acd76eb4f5eab049efdcb3810e0 "HTTP/1.1 200 OK"
2026-05-08 10:00:03,465 [INFO] httpx: HTTP Request: GET https://newsapi.org/v2/everything?q=Coca-Cola&from=2026-05-08T04%3A00%3A03%2B00%3A00&language=en&sortBy=publishedAt&pageSize=5&apiKey=e5c51acd76eb4f5eab049efdcb3810e0 "HTTP/1.1 200 OK"
2026-05-08 10:00:03,590 [INFO] httpx: HTTP Request: GET https://newsapi.org/v2/everything?q=Johnson%20%26%20Johnson&from=2026-05-08T04%3A00%3A03%2B00%3A00&language=en&sortBy=publishedAt&pageSize=5&apiKey=e5c51acd76eb4f5eab049efdcb3810e0 "HTTP/1.1 200 OK"
2026-05-08 10:00:03,774 [INFO] httpx: HTTP Request: GET https://newsapi.org/v2/everything?q=Visa&from=2026-05-08T04%3A00%3A03%2B00%3A00&language=en&sortBy=publishedAt&pageSize=5&apiKey=e5c51acd76eb4f5eab049efdcb3810e0 "HTTP/1.1 200 OK"
2026-05-08 10:00:03,952 [INFO] httpx: HTTP Request: GET https://newsapi.org/v2/everything?q=Meta%20Platforms&from=2026-05-08T04%3A00%3A03%2B00%3A00&language=en&sortBy=publishedAt&pageSize=5&apiKey=e5c51acd76eb4f5eab049efdcb3810e0 "HTTP/1.1 200 OK"
2026-05-08 10:00:04,167 [INFO] httpx: HTTP Request: GET https://newsapi.org/v2/everything?q=Nvidia&from=2026-05-08T04%3A00%3A03%2B00%3A00&language=en&sortBy=publishedAt&pageSize=5&apiKey=e5c51acd76eb4f5eab049efdcb3810e0 "HTTP/1.1 200 OK"
2026-05-08 10:00:04,320 [INFO] httpx: HTTP Request: GET https://newsapi.org/v2/everything?q=ASML%20Holding&from=2026-05-08T04%3A00%3A04%2B00%3A00&language=en&sortBy=publishedAt&pageSize=5&apiKey=e5c51acd76eb4f5eab049efdcb3810e0 "HTTP/1.1 200 OK"
2026-05-08 10:00:04,445 [INFO] httpx: HTTP Request: GET https://newsapi.org/v2/everything?q=SAP&from=2026-05-08T04%3A00%3A04%2B00%3A00&language=en&sortBy=publishedAt&pageSize=5&apiKey=e5c51acd76eb4f5eab049efdcb3810e0 "HTTP/1.1 200 OK"
2026-05-08 10:00:04,643 [INFO] httpx: HTTP Request: GET https://newsapi.org/v2/everything?q=Novo%20Nordisk&from=2026-05-08T04%3A00%3A04%2B00%3A00&language=en&sortBy=publishedAt&pageSize=5&apiKey=e5c51acd76eb4f5eab049efdcb3810e0 "HTTP/1.1 200 OK"
2026-05-08 10:00:04,814 [INFO] httpx: HTTP Request: GET https://newsapi.org/v2/everything?q=Ferrari&from=2026-05-08T04%3A00%3A04%2B00%3A00&language=en&sortBy=publishedAt&pageSize=5&apiKey=e5c51acd76eb4f5eab049efdcb3810e0 "HTTP/1.1 200 OK"
2026-05-08 10:00:05,030 [INFO] httpx: HTTP Request: GET https://newsapi.org/v2/everything?q=LVMH&from=2026-05-08T04%3A00%3A04%2B00%3A00&language=en&sortBy=publishedAt&pageSize=5&apiKey=e5c51acd76eb4f5eab049efdcb3810e0 "HTTP/1.1 200 OK"
2026-05-08 10:00:05,032 [INFO] stock_news_check: News scan done — breaking signals: 0
2026-05-08 10:00:05,033 [INFO] stock_news_check: News-check run done: re-analyzed=0 alerts_sent=0
2026-05-08 14:00:03,322 [INFO] httpx: HTTP Request: GET https://newsapi.org/v2/everything?q=Apple&from=2026-05-08T08%3A00%3A02%2B00%3A00&language=en&sortBy=publishedAt&pageSize=5&apiKey=e5c51acd76eb4f5eab049efdcb3810e0 "HTTP/1.1 200 OK"
2026-05-08 14:00:03,513 [INFO] httpx: HTTP Request: GET https://newsapi.org/v2/everything?q=Microsoft&from=2026-05-08T08%3A00%3A03%2B00%3A00&language=en&sortBy=publishedAt&pageSize=5&apiKey=e5c51acd76eb4f5eab049efdcb3810e0 "HTTP/1.1 200 OK"
2026-05-08 14:00:03,633 [INFO] httpx: HTTP Request: GET https://newsapi.org/v2/everything?q=Alphabet%20%28Google%29&from=2026-05-08T08%3A00%3A03%2B00%3A00&language=en&sortBy=publishedAt&pageSize=5&apiKey=e5c51acd76eb4f5eab049efdcb3810e0 "HTTP/1.1 200 OK"
2026-05-08 14:00:03,800 [INFO] httpx: HTTP Request: GET https://newsapi.org/v2/everything?q=Amazon&from=2026-05-08T08%3A00%3A03%2B00%3A00&language=en&sortBy=publishedAt&pageSize=5&apiKey=e5c51acd76eb4f5eab049efdcb3810e0 "HTTP/1.1 200 OK"
2026-05-08 14:00:03,917 [INFO] httpx: HTTP Request: GET https://newsapi.org/v2/everything?q=Berkshire%20Hathaway&from=2026-05-08T08%3A00%3A03%2B00%3A00&language=en&sortBy=publishedAt&pageSize=5&apiKey=e5c51acd76eb4f5eab049efdcb3810e0 "HTTP/1.1 200 OK"
2026-05-08 14:00:04,066 [INFO] httpx: HTTP Request: GET https://newsapi.org/v2/everything?q=Coca-Cola&from=2026-05-08T08%3A00%3A03%2B00%3A00&language=en&sortBy=publishedAt&pageSize=5&apiKey=e5c51acd76eb4f5eab049efdcb3810e0 "HTTP/1.1 200 OK"
2026-05-08 14:00:04,201 [INFO] httpx: HTTP Request: GET https://newsapi.org/v2/everything?q=Johnson%20%26%20Johnson&from=2026-05-08T08%3A00%3A04%2B00%3A00&language=en&sortBy=publishedAt&pageSize=5&apiKey=e5c51acd76eb4f5eab049efdcb3810e0 "HTTP/1.1 200 OK"
2026-05-08 14:00:04,356 [INFO] httpx: HTTP Request: GET https://newsapi.org/v2/everything?q=Visa&from=2026-05-08T08%3A00%3A04%2B00%3A00&language=en&sortBy=publishedAt&pageSize=5&apiKey=e5c51acd76eb4f5eab049efdcb3810e0 "HTTP/1.1 200 OK"
2026-05-08 14:00:04,478 [INFO] httpx: HTTP Request: GET https://newsapi.org/v2/everything?q=Meta%20Platforms&from=2026-05-08T08%3A00%3A04%2B00%3A00&language=en&sortBy=publishedAt&pageSize=5&apiKey=e5c51acd76eb4f5eab049efdcb3810e0 "HTTP/1.1 200 OK"
2026-05-08 14:00:04,686 [INFO] httpx: HTTP Request: GET https://newsapi.org/v2/everything?q=Nvidia&from=2026-05-08T08%3A00%3A04%2B00%3A00&language=en&sortBy=publishedAt&pageSize=5&apiKey=e5c51acd76eb4f5eab049efdcb3810e0 "HTTP/1.1 200 OK"
2026-05-08 14:00:04,811 [INFO] httpx: HTTP Request: GET https://newsapi.org/v2/everything?q=ASML%20Holding&from=2026-05-08T08%3A00%3A04%2B00%3A00&language=en&sortBy=publishedAt&pageSize=5&apiKey=e5c51acd76eb4f5eab049efdcb3810e0 "HTTP/1.1 200 OK"
2026-05-08 14:00:04,971 [INFO] httpx: HTTP Request: GET https://newsapi.org/v2/everything?q=SAP&from=2026-05-08T08%3A00%3A04%2B00%3A00&language=en&sortBy=publishedAt&pageSize=5&apiKey=e5c51acd76eb4f5eab049efdcb3810e0 "HTTP/1.1 200 OK"
2026-05-08 14:00:05,144 [INFO] httpx: HTTP Request: GET https://newsapi.org/v2/everything?q=Novo%20Nordisk&from=2026-05-08T08%3A00%3A04%2B00%3A00&language=en&sortBy=publishedAt&pageSize=5&apiKey=e5c51acd76eb4f5eab049efdcb3810e0 "HTTP/1.1 200 OK"
2026-05-08 14:00:05,384 [INFO] httpx: HTTP Request: GET https://newsapi.org/v2/everything?q=Ferrari&from=2026-05-08T08%3A00%3A05%2B00%3A00&language=en&sortBy=publishedAt&pageSize=5&apiKey=e5c51acd76eb4f5eab049efdcb3810e0 "HTTP/1.1 200 OK"
2026-05-08 14:00:05,583 [INFO] httpx: HTTP Request: GET https://newsapi.org/v2/everything?q=LVMH&from=2026-05-08T08%3A00%3A05%2B00%3A00&language=en&sortBy=publishedAt&pageSize=5&apiKey=e5c51acd76eb4f5eab049efdcb3810e0 "HTTP/1.1 200 OK"
2026-05-08 14:00:05,584 [INFO] stock_news_check: News scan done — breaking signals: 0
2026-05-08 14:00:05,585 [INFO] stock_news_check: News-check run done: re-analyzed=0 alerts_sent=0
2026-05-08 18:00:03,772 [INFO] httpx: HTTP Request: GET https://newsapi.org/v2/everything?q=%22Apple%22&from=2026-05-08T12%3A00%3A03%2B00%3A00&language=en&sortBy=publishedAt&pageSize=15&apiKey=e5c51acd76eb4f5eab049efdcb3810e0 "HTTP/1.1 200 OK"
2026-05-08 18:00:04,027 [INFO] httpx: HTTP Request: GET https://newsapi.org/v2/everything?q=%22Microsoft%22&from=2026-05-08T12%3A00%3A03%2B00%3A00&language=en&sortBy=publishedAt&pageSize=15&apiKey=e5c51acd76eb4f5eab049efdcb3810e0 "HTTP/1.1 200 OK"
2026-05-08 18:00:04,149 [INFO] httpx: HTTP Request: GET https://newsapi.org/v2/everything?q=%22Alphabet%20%28Google%29%22&from=2026-05-08T12%3A00%3A04%2B00%3A00&language=en&sortBy=publishedAt&pageSize=15&apiKey=e5c51acd76eb4f5eab049efdcb3810e0 "HTTP/1.1 200 OK"
2026-05-08 18:00:04,365 [INFO] httpx: HTTP Request: GET https://newsapi.org/v2/everything?q=%22Amazon%22&from=2026-05-08T12%3A00%3A04%2B00%3A00&language=en&sortBy=publishedAt&pageSize=15&apiKey=e5c51acd76eb4f5eab049efdcb3810e0 "HTTP/1.1 200 OK"
2026-05-08 18:00:04,576 [INFO] httpx: HTTP Request: GET https://newsapi.org/v2/everything?q=%22Berkshire%20Hathaway%22&from=2026-05-08T12%3A00%3A04%2B00%3A00&language=en&sortBy=publishedAt&pageSize=15&apiKey=e5c51acd76eb4f5eab049efdcb3810e0 "HTTP/1.1 200 OK"
2026-05-08 18:00:04,846 [INFO] httpx: HTTP Request: GET https://newsapi.org/v2/everything?q=%22Coca-Cola%22&from=2026-05-08T12%3A00%3A04%2B00%3A00&language=en&sortBy=publishedAt&pageSize=15&apiKey=e5c51acd76eb4f5eab049efdcb3810e0 "HTTP/1.1 200 OK"
2026-05-08 18:00:05,075 [INFO] httpx: HTTP Request: GET https://newsapi.org/v2/everything?q=%22Johnson%20%26%20Johnson%22&from=2026-05-08T12%3A00%3A04%2B00%3A00&language=en&sortBy=publishedAt&pageSize=15&apiKey=e5c51acd76eb4f5eab049efdcb3810e0 "HTTP/1.1 200 OK"
2026-05-08 18:00:05,261 [INFO] httpx: HTTP Request: GET https://newsapi.org/v2/everything?q=%22Visa%22&from=2026-05-08T12%3A00%3A05%2B00%3A00&language=en&sortBy=publishedAt&pageSize=15&apiKey=e5c51acd76eb4f5eab049efdcb3810e0 "HTTP/1.1 200 OK"
2026-05-08 18:00:05,382 [INFO] httpx: HTTP Request: GET https://newsapi.org/v2/everything?q=%22Meta%20Platforms%22&from=2026-05-08T12%3A00%3A05%2B00%3A00&language=en&sortBy=publishedAt&pageSize=15&apiKey=e5c51acd76eb4f5eab049efdcb3810e0 "HTTP/1.1 200 OK"
2026-05-08 18:00:05,526 [INFO] httpx: HTTP Request: GET https://newsapi.org/v2/everything?q=%22Nvidia%22&from=2026-05-08T12%3A00%3A05%2B00%3A00&language=en&sortBy=publishedAt&pageSize=15&apiKey=e5c51acd76eb4f5eab049efdcb3810e0 "HTTP/1.1 200 OK"
2026-05-08 18:00:05,715 [INFO] httpx: HTTP Request: GET https://newsapi.org/v2/everything?q=%22ASML%20Holding%22&from=2026-05-08T12%3A00%3A05%2B00%3A00&language=en&sortBy=publishedAt&pageSize=15&apiKey=e5c51acd76eb4f5eab049efdcb3810e0 "HTTP/1.1 200 OK"
2026-05-08 18:00:05,889 [INFO] httpx: HTTP Request: GET https://newsapi.org/v2/everything?q=%22SAP%22&from=2026-05-08T12%3A00%3A05%2B00%3A00&language=en&sortBy=publishedAt&pageSize=15&apiKey=e5c51acd76eb4f5eab049efdcb3810e0 "HTTP/1.1 200 OK"
2026-05-08 18:00:06,016 [INFO] httpx: HTTP Request: GET https://newsapi.org/v2/everything?q=%22Novo%20Nordisk%22&from=2026-05-08T12%3A00%3A05%2B00%3A00&language=en&sortBy=publishedAt&pageSize=15&apiKey=e5c51acd76eb4f5eab049efdcb3810e0 "HTTP/1.1 200 OK"
2026-05-08 18:00:06,133 [INFO] httpx: HTTP Request: GET https://newsapi.org/v2/everything?q=%22Ferrari%22&from=2026-05-08T12%3A00%3A06%2B00%3A00&language=en&sortBy=publishedAt&pageSize=15&apiKey=e5c51acd76eb4f5eab049efdcb3810e0 "HTTP/1.1 200 OK"
2026-05-08 18:00:06,279 [INFO] httpx: HTTP Request: GET https://newsapi.org/v2/everything?q=%22LVMH%22&from=2026-05-08T12%3A00%3A06%2B00%3A00&language=en&sortBy=publishedAt&pageSize=15&apiKey=e5c51acd76eb4f5eab049efdcb3810e0 "HTTP/1.1 200 OK"
2026-05-08 18:00:06,282 [INFO] stock_news_check: News scan done — breaking signals: 0
2026-05-08 18:00:06,282 [INFO] stock_news_check: News-check run done: re-analyzed=0 alerts_sent=0
